CHR	START	END	SNP	Introgression
chr1	95529290	95736826	95547804	Denisova
chr2	151012094	151201575	151194524	.
chr3	13010340	13217789	13035177	Denisova
chr3	61779523	62009858	61949161	.
chr4	110182324	110384099	110291463	Altai Neanderthal
chr4	152704503	152970509	152954793	.
chr6	30916070	31153184	31000120	.
chr6	33006055	33132312	33131649	.
chr7	147590904	147718219	147610112	.
chr9	85458922	85745092	85560644	.
chr10	131112245	131235951	131130644	Altai Neanderthal
chr12	6452552	6662260	6505015	Denisova
chr12	9886812	10055333	9979340	.
chr12	58391529	58634980	58569336	Altai Neanderthal
chr12	103783315	104121479	103794720	Denisova
chr13	47639988	47825193	47662268	.
chr13	104734734	104875020	104870821	Denisova
chr14	60157772	60377317	60160438	Denisova
chr14	92230479	92401520	92251093	.
chr18	4072997	4251153	4162760	Altai Neanderthal
chr22	45519818	45644906	45617645	.
chr1	88800562	89326878	89127023	Denisova/Altai Neanderthal
chr1	237827847	237992467	237859017	.
chr2	124085628	124249405	124228148	.
chr2	200238798	200432145	200269472	.
chr2	241759136	242088831	241862387	Altai Neanderthal
chr4	82750503	83146792	82856713	Denisova
chr4	171791098	171986729	171895323	.
chr5	65504470	65708617	65534488	.
chr6	85266477	85483888	85351595	.
chr7	129548370	129836070	129637870	Denisova
chr8	133791891	133962825	133959118	.
chr9	93717217	93877803	93845307	.
chr12	120353731	120666335	120431276	.
chr13	61590770	61993327	61791792	.
chr13	89660867	89920623	89848283	.
chr14	37137933	37382802	37197894	.
chr14	77312867	77558267	77524491	.
chr16	87806834	87928392	87839137	.
chr17	54003406	54222843	54041157	Denisova
chr18	41133289	41618597	41477761	.
chr19	11708670	12108034	12067828	Altai Neanderthal
chr19	16344294	16576199	16394295	.
chr19	54176104	54330609	54200712	.
