chr1	88891163
chr1	88896140
chr1	88897175
chr1	88902022
chr1	88903256
chr1	88904379
chr1	88906429
chr1	88907655
chr1	88908600
chr1	88909949
chr1	88910613
chr1	88912168
chr1	88912614
chr1	88914935
chr1	88917845
chr1	88919482
chr1	88919598
chr1	88923391
chr1	88923856
chr1	88924823
chr1	88931741
chr1	88933922
chr1	88934193
chr1	88943669
chr1	88944551
chr1	88944758
chr1	88945928
chr1	88947229
chr1	88997023
chr1	88997360
chr1	89001575
chr1	89002301
chr1	89002497
chr1	89003632
chr1	89004607
chr1	89005077
chr1	89006522
chr1	89006595
chr1	89008817
chr1	89009862
chr1	89011923
chr1	89012820
chr1	89012877
chr1	89012882
chr1	89012883
chr1	89012898
chr1	89013185
chr1	89013343
chr1	89014943
chr1	89015708
chr1	89015722
chr1	89017414
chr1	89018060
chr1	89018647
chr1	89019881
chr1	89020443
chr1	89021833
chr1	89021985
chr1	89024002
chr1	89024266
chr1	89027051
chr1	89028335
chr1	89028608
chr1	89028701
chr1	89028935
chr1	89030973
chr1	89031017
chr1	89031189
chr1	89031285
chr1	89032080
chr1	89032871
chr1	89033487
chr1	89033575
chr1	89034031
chr1	89034950
chr1	89036295
chr1	89036951
chr1	89038018
chr1	89040215
chr1	89041415
chr1	89043182
chr1	89043638
chr1	89043717
chr1	89043838
chr1	89044722
chr1	89046043
chr1	89047902
chr1	89048843
chr1	89049174
chr1	89049181
chr1	89049511
chr1	89049552
chr1	89049556
chr1	89049846
chr1	89050544
chr1	89051147
chr1	89051222
chr1	89051295
chr1	89052112
chr1	89052875
chr1	89053506
chr1	89053712
chr1	89053972
chr1	89054418
chr1	89055340
chr1	89056212
chr1	89058119
chr1	89058271
chr1	89058444
chr1	89059345
chr1	89062909
chr1	89063299
chr1	89064077
chr1	89064632
chr1	89065895
chr1	89066005
chr1	89067988
chr1	89068679
chr1	89068925
chr1	89070712
chr1	89071378
chr1	89071517
chr1	89072193
chr1	89072826
chr1	89073419
chr1	89073579
chr1	89073963
chr1	89076636
chr1	89077415
chr1	89077897
chr1	89078394
chr1	89078671
chr1	89079328
chr1	89079778
chr1	89080195
chr1	89080226
chr1	89080279
chr1	89080443
chr1	89081467
chr1	89081562
chr1	89081965
chr1	89082425
chr1	89082745
chr1	89083367
chr1	89083540
chr1	89083717
chr1	89083754
chr1	89084062
chr1	89084282
chr1	89084482
chr1	89084591
chr1	89086526
chr1	89086790
chr1	89089370
chr1	89089580
chr1	89090104
chr1	89090262
chr1	89090572
chr1	89090597
chr1	89090912
chr1	89090927
chr1	89090949
chr1	89091319
chr1	89091493
chr1	89091615
chr1	89091841
chr1	89091848
chr1	89091851
chr1	89091880
chr1	89092970
chr1	89093140
chr1	89093254
chr1	89093736
chr1	89094529
chr1	89096379
chr1	89096762
chr1	89096790
chr1	89096791
chr1	89098144
chr1	89098477
chr1	89098478
chr1	89099097
chr1	89099104
chr1	89099521
chr1	89099963
chr1	89100063
chr1	89100649
chr1	89100660
chr1	89100851
chr1	89101246
chr1	89101347
chr1	89102310
chr1	89102311
chr1	89102638
chr1	89102658
chr1	89102746
chr1	89102914
chr1	89103088
chr1	89103473
chr1	89104121
chr1	89104226
chr1	89104897
chr1	89105011
chr1	89105627
chr1	89106007
chr1	89106841
chr1	89108373
chr1	89108408
chr1	89108895
chr1	89109115
chr1	89109545
chr1	89109691
chr1	89110893
chr1	89112789
chr1	89115921
chr1	89117019
chr1	89117770
chr1	89117890
chr1	89118010
chr1	89118685
chr1	89120464
chr1	89120638
chr1	89120707
chr1	89121067
chr1	89121074
chr1	89121146
chr1	89121400
chr1	89121684
chr1	89121862
chr1	89121892
chr1	89122109
chr1	89122139
chr1	89122181
chr1	89123104
chr1	89123354
chr1	89123552
chr1	89123834
chr1	89124451
chr1	89124460
chr1	89124760
chr1	89125290
chr1	89125579
chr1	89126052
chr1	89126334
chr1	89126630
chr1	89126806
chr1	89126824
chr1	89127013
chr1	89127023
chr1	89127139
chr1	89127595
chr1	89127657
chr1	89127667
chr1	89128225
chr1	89128228
chr1	89128230
chr1	89128364
chr1	89128408
chr1	89128884
chr1	89128901
chr1	89130019
chr1	89130582
chr1	89130816
chr1	89131213
chr1	89131298
chr1	89133905
chr1	89134000
chr1	89134015
chr1	89134320
chr1	89134560
chr1	89134877
chr1	89135046
chr1	89135052
chr1	89135219
chr1	89135597
chr1	89136145
chr1	89136183
chr1	89137223
chr1	89137682
chr1	89137750
chr1	89138702
chr1	89138722
chr1	89138905
chr1	89139206
chr1	89139798
chr1	89139858
chr1	89139995
chr1	89140250
chr1	89140383
chr1	89140616
chr1	89140760
chr1	89141333
chr1	89141741
chr1	89141832
chr1	89141844
chr1	89141857
chr1	89142101
chr1	89142181
chr1	89142837
chr1	89143462
chr1	89144286
chr1	89145257
chr1	89145258
chr1	89146419
chr1	89146459
chr1	89146460
chr1	89146520
chr1	89146928
chr1	89147216
chr1	89148008
chr1	89148205
chr1	89148373
chr1	89148615
chr1	89149874
chr1	89150051
chr1	89150070
chr1	89150874
chr1	89152016
chr1	89152204
chr1	89152246
chr1	89152847
chr1	89153298
chr1	89154803
chr1	89154931
chr1	89155228
chr1	89155392
chr1	89156270
chr1	89156271
chr1	89157296
chr1	89157923
chr1	89158069
chr1	89158364
chr1	89158804
chr1	89159688
chr1	89160365
chr1	89160509
chr1	89160949
chr1	89161386
chr1	89161565
chr1	89161626
chr1	89164331
chr1	89165115
chr1	89165480
chr1	89165500
chr1	89166214
chr1	89166387
chr1	89166435
chr1	89166475
chr1	89166981
chr1	89167006
chr1	89167673
chr1	89168484
chr1	89169194
chr1	89169280
chr1	89169524
chr1	89169738
chr1	89170004
chr1	89170011
chr1	89170364
chr1	89173679
chr1	89173980
chr1	89175558
chr1	89175624
chr1	89175641
chr1	89176368
chr1	89177957
chr1	89178723
chr1	89179404
chr1	89179417
chr1	89180679
chr1	89181077
chr1	89181157
chr1	89181262
chr1	89181879
chr1	89182370
chr1	89182456
chr1	89182880
chr1	89182943
chr1	89183219
chr1	89183290
chr1	89184054
chr1	89185190
chr1	89185771
chr1	89186126
chr1	89186525
chr1	89186563
chr1	89187133
chr1	89187231
chr1	89187484
chr1	89187667
chr1	89188069
chr1	89188884
chr1	89189103
chr1	89189314
chr1	89189326
chr1	89190388
chr1	89190684
chr1	89191252
chr1	89191797
chr1	89193153
chr1	89193275
chr1	89193953
chr1	89195248
chr1	89196255
chr1	89196835
chr1	89197116
chr1	89197597
chr1	89197861
chr1	89198023
chr1	89198027
chr1	89198483
chr1	89198589
chr1	89198902
chr1	89199664
chr1	89199747
chr1	89200767
chr1	89201568
chr1	89202340
chr1	89202534
chr1	89205101
chr1	89206142
chr1	89206596
chr1	89206697
chr1	89207155
chr1	89207585
chr1	89208070
chr1	89208173
chr1	89210224
chr1	89211549
chr1	89212232
chr1	89212536
chr1	89212799
chr1	89213012
chr1	89213301
chr1	89213334
chr1	89213438
chr1	89214370
chr1	89214542
chr1	89214631
chr1	89214966
chr1	89215821
chr1	89217992
chr1	89218031
chr1	89218717
chr1	89220344
chr1	89223126
chr1	89224215
chr1	89227410
chr1	89228633
chr1	89228710
chr1	89229380
chr1	89230786
chr1	89230874
chr1	89230919
chr1	89231152
chr1	89231805
chr1	89231858
chr1	89232612
chr1	89232651
chr1	89234952
chr1	89235683
chr1	89236035
chr1	89236130
chr1	89236456
chr1	89237272
chr1	89237539
chr1	89237881
chr1	89238182
chr1	89239229
chr1	89239823
chr1	89240265
chr1	89241038
chr1	89243372
chr1	89244109
chr1	89244463
chr1	89245112
chr1	89245409
chr1	89245580
chr1	89245866
chr1	89246513
chr1	89247305
chr1	89248005
chr1	89248329
chr1	89248709
chr1	89248881
chr1	89249898
chr1	89250691
chr1	89252915
chr1	89253656
chr1	89253837
chr1	89254223
chr1	89255932
chr1	89255966
chr1	89255985
chr1	89256025
chr1	89259464
chr1	89260617
chr1	89262137
chr1	89262527
chr1	89262864
chr1	89263025
chr1	89264717
chr1	89265615
chr1	89267693
chr1	89267881
chr1	89268500
chr1	89269529
chr1	89269599
chr1	89270180
chr1	89271838
chr1	89272441
chr1	89275364
chr1	89278128
chr1	89278566
chr1	89278698
chr1	89279729
chr1	89279748
chr1	89283670
chr1	89286113
chr1	89287342
chr1	89287508
chr1	89289121
chr1	89289221
chr1	89291106
chr1	89291489
chr1	89292177
chr1	89292838
chr1	89293281
chr1	89295860
chr1	89296586
chr1	89296900
chr1	89296943
chr1	89297529
chr1	89298861
chr1	89299174
chr1	89299296
chr1	89299872
chr1	89299929
chr1	89300198
chr1	89300526
chr1	89301463
chr1	89301612
chr1	89302956
chr1	89303252
chr1	89303325
chr1	89304088
chr1	89309186
chr1	89310212
chr1	89310811
chr1	89310833
chr1	89311431
chr1	89311869
chr1	89313068
chr1	89313215
chr1	89314512
chr1	89314715
chr1	95552957
chr1	95553768
chr1	95553883
chr1	95556011
chr1	95556602
chr1	95559241
chr1	95559367
chr1	95560169
chr1	95564050
chr1	95567366
chr1	95568009
chr1	95570958
chr1	95572618
chr1	95574169
chr1	95575114
chr1	95575150
chr1	95576380
chr1	95579305
chr1	95580987
chr1	95581715
chr1	95582220
chr1	95583411
chr1	95586884
chr1	95587154
chr1	95588132
chr1	95588171
chr1	95589547
chr1	95589937
chr1	95591229
chr1	95593512
chr1	95593749
chr1	95596018
chr1	95596328
chr1	95596682
chr1	95597106
chr1	95597243
chr1	95597847
chr1	95598865
chr1	95600016
chr1	95600649
chr1	95600820
chr1	95601662
chr1	95601906
chr1	95603807
chr1	95607254
chr1	95607846
chr1	95608277
chr1	95609638
chr1	95609720
chr1	95611396
chr1	95611950
chr1	95612847
chr1	95615577
chr1	95616207
chr1	95616362
chr1	95618827
chr1	95620883
chr1	95621278
chr1	95624903
chr1	95625656
chr1	95625807
chr1	95627556
chr1	95627623
chr1	95628404
chr1	95630391
chr1	95630636
chr1	95633272
chr1	95636786
chr1	95637176
chr1	95641443
chr1	95642527
chr1	95642969
chr1	95646157
chr1	95647968
chr1	95649577
chr1	95649675
chr1	95650215
chr1	95652684
chr1	95655063
chr1	95655102
chr1	95656136
chr1	95657189
chr1	95659363
chr1	95659934
chr1	95660546
chr1	95662052
chr1	95663794
chr1	95664561
chr1	95667510
chr1	95668945
chr1	95669641
chr1	95669933
chr1	95670086
chr1	95674282
chr1	95675739
chr1	95676137
chr1	95680260
chr1	95681378
chr1	95681456
chr1	95681557
chr1	95682887
chr1	95684645
chr1	95686731
chr1	95688999
chr1	95692166
chr1	95694252
chr1	95697038
chr1	95700904
chr1	95705936
chr1	95708687
chr1	95709097
chr1	95712172
chr1	95714428
chr1	95718589
chr1	95721734
chr1	95722408
chr1	95722961
chr1	95723592
chr1	95730530
chr1	95731782
chr1	95735319
chr10	131128145
chr10	131130857
chr10	131131074
chr10	131135570
chr10	131135986
chr10	131137080
chr10	131139926
chr10	131141277
chr10	131142280
chr10	131143743
chr10	131143935
chr10	131143986
chr10	131144379
chr10	131144463
chr10	131144814
chr10	131145226
chr10	131145446
chr10	131146587
chr10	131148445
chr10	131148477
chr10	131148793
chr10	131148951
chr10	131149637
chr10	131150193
chr10	131150216
chr10	131152751
chr10	131153249
chr10	131153425
chr10	131153562
chr10	131153628
chr10	131153633
chr10	131153670
chr10	131153711
chr10	131153845
chr10	131154742
chr10	131154861
chr10	131154882
chr10	131155363
chr10	131155406
chr10	131155582
chr10	131155583
chr10	131155671
chr10	131155928
chr10	131156125
chr10	131156376
chr10	131156490
chr10	131156594
chr10	131157057
chr10	131157081
chr10	131157433
chr10	131157603
chr10	131157604
chr10	131157618
chr10	131158844
chr10	131159149
chr10	131159449
chr10	131160407
chr10	131160653
chr10	131160756
chr10	131160889
chr10	131161169
chr10	131162794
chr10	131163260
chr10	131165730
chr10	131169695
chr10	131171823
chr10	131172648
chr10	131176323
chr10	131177169
chr10	131178221
chr10	131180449
chr10	131180697
chr10	131183377
chr10	131184628
chr10	131186113
chr10	131187102
chr10	131189813
chr10	131191427
chr10	131191506
chr10	131191724
chr10	131191780
chr10	131191830
chr10	131191886
chr10	131192396
chr10	131192596
chr10	131193493
chr10	131195850
chr10	131196888
chr10	131198883
chr10	131201016
chr10	131212123
chr10	131212642
chr10	131212689
chr10	131216593
chr10	131216916
chr10	131217858
chr10	131218275
chr10	131221155
chr10	131221258
chr10	131221913
chr12	6502789
chr12	6503185
chr12	6503408
chr12	6503410
chr12	6505015
chr12	6506361
chr12	6506590
chr12	6509937
chr12	6516642
chr12	6519326
chr12	6523165
chr12	6526000
chr12	6526678
chr12	6528775
chr12	6528876
chr12	6532186
chr12	6534732
chr12	6534973
chr12	6535754
chr12	6537245
chr12	6538662
chr12	6541013
chr12	6542727
chr12	6542762
chr12	6544418
chr12	6545480
chr12	6545710
chr12	6548659
chr12	6551684
chr12	6551830
chr12	6553367
chr12	6556458
chr12	6561287
chr12	6562840
chr12	6565082
chr12	6567404
chr12	6568270
chr12	6569531
chr12	6571307
chr12	6580329
chr12	6581196
chr12	6584121
chr12	6584224
chr12	6585580
chr12	6588026
chr12	6589469
chr12	6592319
chr12	6593938
chr12	6594046
chr12	6594181
chr12	6594299
chr12	6597045
chr12	6600037
chr12	6601623
chr12	6602363
chr12	6602645
chr12	6603570
chr12	6603972
chr12	6604449
chr12	6604758
chr12	6605140
chr12	6605854
chr12	6606176
chr12	6606180
chr12	6608074
chr12	6609373
chr12	6609845
chr12	6610033
chr12	6611454
chr12	6611851
chr12	6612379
chr12	6612710
chr12	6614052
chr12	6616266
chr12	6616805
chr12	6616993
chr12	6619830
chr12	6632054
chr12	6632345
chr12	6633637
chr12	6636983
chr12	6637867
chr12	6640896
chr12	6641651
chr12	9904201
chr12	9908075
chr12	9910955
chr12	9913327
chr12	9913669
chr12	9921000
chr12	9926902
chr12	9926996
chr12	9927116
chr12	9927474
chr12	9928886
chr12	9930027
chr12	9930232
chr12	9930713
chr12	9931801
chr12	9933345
chr12	9939193
chr12	9940877
chr12	9941143
chr12	9941914
chr12	9942647
chr12	9942737
chr12	9942850
chr12	9947223
chr12	9949842
chr12	9951235
chr12	9980047
chr12	9983470
chr12	9986806
chr12	9990726
chr12	9991053
chr12	9996306
chr12	9999763
chr12	10000858
chr12	10003419
chr12	10003738
chr12	10003788
chr12	10005346
chr12	10006302
chr12	10006384
chr12	10006555
chr12	10006600
chr12	10007491
chr12	10008376
chr12	10009974
chr12	10011519
chr12	10011615
chr12	10013446
chr12	10021082
chr12	10022843
chr12	10023284
chr12	10023903
chr12	10025755
chr12	10026624
chr12	58399906
chr12	58400487
chr12	58401303
chr12	58403295
chr12	58403618
chr12	58405346
chr12	58410685
chr12	58413212
chr12	58414417
chr12	58416229
chr12	58417442
chr12	58418301
chr12	58418742
chr12	58421162
chr12	58424059
chr12	58427696
chr12	58428175
chr12	58428542
chr12	58428788
chr12	58428865
chr12	58429057
chr12	58430552
chr12	58430566
chr12	58431669
chr12	58431740
chr12	58435831
chr12	58438170
chr12	58439965
chr12	58442389
chr12	58442822
chr12	58442981
chr12	58443031
chr12	58444670
chr12	58444676
chr12	58448572
chr12	58450807
chr12	58451019
chr12	58451248
chr12	58451584
chr12	58451590
chr12	58452053
chr12	58453814
chr12	58453835
chr12	58454218
chr12	58454465
chr12	58455910
chr12	58456284
chr12	58457966
chr12	58459524
chr12	58463532
chr12	58465011
chr12	58465156
chr12	58465493
chr12	58468669
chr12	58469122
chr12	58470217
chr12	58472031
chr12	58473384
chr12	58473647
chr12	58474214
chr12	58474772
chr12	58475211
chr12	58475364
chr12	58476137
chr12	58476792
chr12	58477238
chr12	58477353
chr12	58477497
chr12	58477523
chr12	58478904
chr12	58479570
chr12	58480327
chr12	58480792
chr12	58481823
chr12	58483138
chr12	58484041
chr12	58484581
chr12	58485413
chr12	58485601
chr12	58487366
chr12	58488511
chr12	58489029
chr12	58489735
chr12	58489857
chr12	58489894
chr12	58489949
chr12	58490145
chr12	58490439
chr12	58491620
chr12	58492215
chr12	58492674
chr12	58492787
chr12	58493760
chr12	58494130
chr12	58494270
chr12	58496088
chr12	58498981
chr12	58499456
chr12	58500086
chr12	58500127
chr12	58500525
chr12	58500652
chr12	58500910
chr12	58501088
chr12	58501100
chr12	58502041
chr12	58502278
chr12	58502547
chr12	58502585
chr12	58503481
chr12	58503797
chr12	58505926
chr12	58506000
chr12	58506001
chr12	58506396
chr12	58508058
chr12	58508130
chr12	58508923
chr12	58511480
chr12	58511494
chr12	58512234
chr12	58512314
chr12	58513615
chr12	58515934
chr12	58516135
chr12	58516179
chr12	58516918
chr12	58517632
chr12	58517815
chr12	58517883
chr12	58519575
chr12	58520124
chr12	58520959
chr12	58521799
chr12	58522928
chr12	58523525
chr12	58523555
chr12	58524036
chr12	58524060
chr12	58524103
chr12	58524562
chr12	58525084
chr12	58525309
chr12	58525753
chr12	58526146
chr12	58528489
chr12	58528922
chr12	58529279
chr12	58529471
chr12	58529482
chr12	58529627
chr12	58530974
chr12	58532799
chr12	58532903
chr12	58533611
chr12	58534180
chr12	58534585
chr12	58535547
chr12	58535597
chr12	58535873
chr12	58536504
chr12	58536690
chr12	58537115
chr12	58538396
chr12	58538659
chr12	58539250
chr12	58539776
chr12	58540526
chr12	58540655
chr12	58540770
chr12	58541494
chr12	58541705
chr12	58541863
chr12	58542301
chr12	58544078
chr12	58546560
chr12	58546808
chr12	58548008
chr12	58548614
chr12	58549443
chr12	58549925
chr12	58551014
chr12	58551116
chr12	58552295
chr12	58553336
chr12	58554729
chr12	58556341
chr12	58557446
chr12	58558639
chr12	58559351
chr12	58561314
chr12	58562350
chr12	58562425
chr12	58563160
chr12	58564530
chr12	58564829
chr12	58564837
chr12	58565161
chr12	58567306
chr12	58567515
chr12	58568000
chr12	58568114
chr12	58569310
chr12	58569336
chr12	58570078
chr12	58572326
chr12	58572395
chr12	58573730
chr12	58574088
chr12	58576356
chr12	58577513
chr12	58577677
chr12	58585598
chr12	58585971
chr12	58587156
chr12	58587544
chr12	58591217
chr12	58593381
chr12	58596396
chr12	58596544
chr12	58598299
chr12	58603385
chr12	58604235
chr12	58606569
chr12	58610222
chr12	58610825
chr12	58612823
chr12	58615012
chr12	58617261
chr12	58619459
chr12	58619794
chr12	103811322
chr12	103812314
chr12	103813636
chr12	103814086
chr12	103814092
chr12	103814115
chr12	103814412
chr12	103815130
chr12	103815668
chr12	103816290
chr12	103817500
chr12	103817631
chr12	103817713
chr12	103818780
chr12	103819494
chr12	103820078
chr12	103821244
chr12	103821530
chr12	103823418
chr12	103823525
chr12	103823822
chr12	103824021
chr12	103824194
chr12	103824359
chr12	103825060
chr12	103825295
chr12	103825772
chr12	103825931
chr12	103826479
chr12	103826859
chr12	103826906
chr12	103827407
chr12	103827796
chr12	103827850
chr12	103828433
chr12	103828842
chr12	103829885
chr12	103831834
chr12	103832360
chr12	103832428
chr12	103832554
chr12	103833014
chr12	103835948
chr12	103836354
chr12	103836830
chr12	103836856
chr12	103836857
chr12	103836940
chr12	103836942
chr12	103837473
chr12	103838118
chr12	103838495
chr12	103838521
chr12	103839272
chr12	103839903
chr12	103840243
chr12	103840374
chr12	103840381
chr12	103840386
chr12	103840391
chr12	103840396
chr12	103840401
chr12	103840424
chr12	103840429
chr12	103840454
chr12	103840459
chr12	103840464
chr12	103840469
chr12	103841228
chr12	103841522
chr12	103843392
chr12	103844615
chr12	103844975
chr12	103844994
chr12	103845216
chr12	103845828
chr12	103845842
chr12	103846079
chr12	103846764
chr12	103847975
chr12	103848201
chr12	103848370
chr12	103848834
chr12	103848911
chr12	103849235
chr12	103850042
chr12	103851736
chr12	103852278
chr12	103852961
chr12	103853045
chr12	103853677
chr12	103854482
chr12	103855640
chr12	103855683
chr12	103855737
chr12	103855903
chr12	103856285
chr12	103857344
chr12	103857645
chr12	103857791
chr12	103857971
chr12	103858683
chr12	103859438
chr12	103860673
chr12	103861197
chr12	103861250
chr12	103862109
chr12	103864992
chr12	103865566
chr12	103865746
chr12	103866282
chr12	103866391
chr12	103867161
chr12	103867209
chr12	103867484
chr12	103868701
chr12	103869282
chr12	103870143
chr12	103871748
chr12	103871754
chr12	103872101
chr12	103872949
chr12	103873677
chr12	103875799
chr12	103877277
chr12	103878176
chr12	103889635
chr12	103890898
chr12	103891804
chr12	103891951
chr12	103892691
chr12	103894723
chr12	103899439
chr12	103901582
chr12	103903509
chr12	103903916
chr12	103905368
chr12	103907943
chr12	103910403
chr12	103911376
chr12	103911379
chr12	103912225
chr12	103914824
chr12	103915605
chr12	103917089
chr12	103917715
chr12	103917889
chr12	103918775
chr12	103919415
chr12	103919653
chr12	103919796
chr12	103919945
chr12	103920062
chr12	103921324
chr12	103923061
chr12	103924527
chr12	103924922
chr12	103925520
chr12	103925905
chr12	103926072
chr12	103926675
chr12	103927328
chr12	103927895
chr12	103928524
chr12	103929835
chr12	103930317
chr12	103930840
chr12	103930991
chr12	103931419
chr12	103934201
chr12	103934437
chr12	103935317
chr12	103936571
chr12	103936698
chr12	103936958
chr12	103937379
chr12	103941542
chr12	103943889
chr12	103944152
chr12	103945386
chr12	103945825
chr12	103946308
chr12	103946366
chr12	103948192
chr12	103950533
chr12	103951849
chr12	103951884
chr12	103952161
chr12	103954272
chr12	103955209
chr12	103955391
chr12	103955604
chr12	103955817
chr12	103955829
chr12	103956318
chr12	103956510
chr12	103957196
chr12	103958430
chr12	103958952
chr12	103959944
chr12	103960165
chr12	103960674
chr12	103963002
chr12	103963169
chr12	103963891
chr12	103964445
chr12	103964780
chr12	103965276
chr12	103966221
chr12	103967024
chr12	103967891
chr12	103968902
chr12	103971672
chr12	103972271
chr12	103972338
chr12	103972476
chr12	103973037
chr12	103974570
chr12	103974659
chr12	103975509
chr12	103976342
chr12	103976694
chr12	103976701
chr12	103977072
chr12	103977347
chr12	103977351
chr12	103977447
chr12	103979684
chr12	103980498
chr12	103981936
chr12	103984468
chr12	103984886
chr12	103985190
chr12	103986073
chr12	103986955
chr12	103986956
chr12	103988007
chr12	103988305
chr12	103988629
chr12	103989218
chr12	103989821
chr12	103989848
chr12	103990478
chr12	103991130
chr12	103991956
chr12	103992533
chr12	103992554
chr12	103993360
chr12	103993455
chr12	103993699
chr12	103993783
chr12	103994256
chr12	103995208
chr12	103995722
chr12	103997263
chr12	103998071
chr12	103998236
chr12	104000183
chr12	104000585
chr12	104000960
chr12	104001919
chr12	104002300
chr12	104002404
chr12	104003520
chr12	104006595
chr12	104010514
chr12	104012191
chr12	104015177
chr12	104015186
chr12	104016084
chr12	104016479
chr12	104016843
chr12	104018223
chr12	104019122
chr12	104019248
chr12	104019328
chr12	104020590
chr12	104021604
chr12	104022025
chr12	104023674
chr12	104025609
chr12	104026278
chr12	104026503
chr12	104026961
chr12	104027394
chr12	104028391
chr12	104030324
chr12	104030658
chr12	104034209
chr12	104037487
chr12	104037643
chr12	104037644
chr12	104039758
chr12	104039837
chr12	104040511
chr12	104041302
chr12	104041340
chr12	104041900
chr12	104042543
chr12	104043916
chr12	104044743
chr12	104045050
chr12	104046215
chr12	104047639
chr12	104048129
chr12	104048496
chr12	104050908
chr12	104053205
chr12	104053372
chr12	104054613
chr12	104054699
chr12	104055253
chr12	104055870
chr12	104059017
chr12	104059743
chr12	104060936
chr12	104061448
chr12	104061632
chr12	104065672
chr12	120358605
chr12	120358633
chr12	120360413
chr12	120365980
chr12	120368947
chr12	120370358
chr12	120374618
chr12	120375635
chr12	120376086
chr12	120376596
chr12	120377467
chr12	120377555
chr12	120378082
chr12	120381238
chr12	120382197
chr12	120382312
chr12	120383667
chr12	120386326
chr12	120386547
chr12	120387322
chr12	120387392
chr12	120389544
chr12	120390064
chr12	120391846
chr12	120395906
chr12	120397923
chr12	120398959
chr13	104745778
chr13	104746330
chr13	104746343
chr13	104747048
chr13	104747169
chr13	104747669
chr13	104748174
chr13	104748552
chr13	104748785
chr13	104751378
chr13	104751763
chr13	104752143
chr13	104752219
chr13	104753519
chr13	104753559
chr13	104755124
chr13	104755466
chr13	104755702
chr13	104759164
chr13	104762534
chr13	104762639
chr13	104762673
chr13	104763492
chr13	104763613
chr13	104764664
chr13	104766012
chr13	104766682
chr13	104766869
chr13	104766945
chr13	104767269
chr13	104768024
chr13	104769025
chr13	104769720
chr13	104769822
chr13	104769829
chr13	104770392
chr13	104770537
chr13	104771793
chr13	104772134
chr13	104772969
chr13	104773271
chr13	104773294
chr13	104773815
chr13	104773969
chr13	104774569
chr13	104775305
chr13	104776370
chr13	104776723
chr13	104777256
chr13	104777783
chr13	104777806
chr13	104778066
chr13	104778309
chr13	104778671
chr13	104778951
chr13	104779099
chr13	104779110
chr13	104779298
chr13	104779394
chr13	104779560
chr13	104779922
chr13	104781008
chr13	104781017
chr13	104781051
chr13	104781063
chr13	104781065
chr13	104781843
chr13	104782172
chr13	104782467
chr13	104782689
chr13	104782776
chr13	104783346
chr13	104783569
chr13	104784133
chr13	104786111
chr13	104787393
chr13	104788526
chr13	104789386
chr13	104789564
chr13	104789894
chr13	104790037
chr13	104790115
chr13	104791104
chr13	104791610
chr13	104791660
chr13	104792485
chr13	104792641
chr13	104793030
chr13	104793722
chr13	104794379
chr13	104796930
chr13	104796958
chr13	104797114
chr13	104797944
chr13	104798129
chr13	104798678
chr13	104799280
chr13	104799550
chr13	104800174
chr13	104800933
chr13	104801343
chr13	104802147
chr13	104803625
chr13	104803764
chr13	104804106
chr13	104804951
chr13	104805759
chr13	104806582
chr13	104807270
chr13	104808083
chr13	104808474
chr13	104810398
chr13	104810887
chr13	104811431
chr13	104812066
chr13	104813804
chr13	104813806
chr13	104813946
chr13	104814285
chr13	104814604
chr13	104814812
chr13	104814845
chr13	104815061
chr13	104816123
chr13	104816166
chr13	104817334
chr13	104817697
chr13	104817977
chr13	104818901
chr13	104818913
chr13	104819142
chr13	104819221
chr13	104819438
chr13	104819578
chr13	104820071
chr13	104820111
chr13	104820174
chr13	104820730
chr13	104820964
chr13	104821466
chr13	104821843
chr13	104823813
chr13	104824094
chr13	104825020
chr13	104826135
chr13	104826213
chr13	104826497
chr13	104826929
chr13	104827089
chr13	104827166
chr13	104827765
chr13	104827793
chr13	104827798
chr13	104827799
chr13	104827880
chr13	104828479
chr13	104829841
chr13	104830022
chr13	104831597
chr13	104832354
chr13	104832926
chr13	104834498
chr13	104836296
chr13	104837171
chr13	104837803
chr13	104838320
chr13	104839978
chr13	104841567
chr13	104844129
chr13	104844256
chr13	104846827
chr13	104847214
chr13	104849048
chr13	104850185
chr13	104853261
chr13	104856836
chr13	104860331
chr13	104861191
chr13	104861577
chr13	104862538
chr13	104864280
chr13	104864864
chr13	104865248
chr13	104868486
chr13	104868618
chr13	104868724
chr14	60206921
chr14	60207141
chr14	60210954
chr14	60216156
chr14	60220195
chr14	60223104
chr14	60228655
chr14	60231899
chr14	60233006
chr14	60233098
chr14	60236911
chr14	60237619
chr14	60238267
chr14	60239781
chr14	60239817
chr14	60239871
chr14	60239874
chr14	60239883
chr14	60241081
chr14	60243782
chr14	60245258
chr14	60245589
chr14	60245676
chr14	60246631
chr14	60247502
chr14	60249423
chr14	60251204
chr14	60252850
chr14	60257639
chr14	60260112
chr14	60262623
chr14	60264405
chr14	60265716
chr14	60266760
chr14	60267759
chr14	60268021
chr14	60270775
chr14	60270823
chr14	60270857
chr14	60271441
chr14	60271832
chr14	60273164
chr14	60274170
chr14	60276828
chr14	60278995
chr14	60281153
chr14	60283550
chr14	60293009
chr14	60296238
chr14	60298871
chr14	60299859
chr14	60300784
chr14	60302906
chr14	60304265
chr14	60304896
chr14	60305311
chr14	60305367
chr14	60307686
chr14	60310185
chr14	60311646
chr14	60315071
chr14	60320339
chr14	92255905
chr14	92257563
chr14	92258402
chr14	92262284
chr14	92264882
chr14	92266843
chr14	92275601
chr14	92280232
chr14	92280249
chr14	92280479
chr14	92283451
chr14	92284743
chr14	92285010
chr14	92285444
chr14	92287533
chr14	92288382
chr14	92288601
chr14	92288963
chr14	92289586
chr14	92330526
chr14	92330901
chr14	92331214
chr14	92331794
chr14	92332234
chr14	92333051
chr14	92334321
chr14	92340588
chr14	92341377
chr14	92343050
chr14	92345904
chr14	92346345
chr14	92346710
chr14	92350321
chr14	92351567
chr14	92352701
chr14	92353881
chr14	92353917
chr14	92354219
chr14	92354293
chr14	92354534
chr14	92354562
chr14	92354793
chr14	92354916
chr14	92355432
chr14	92355634
chr14	92356306
chr14	92356538
chr14	92358033
chr14	92358699
chr14	92362292
chr14	92365110
chr14	92365401
chr14	92365554
chr14	92366732
chr14	92369573
chr14	92370144
chr14	92370556
chr14	92371204
chr14	92372546
chr14	92373487
chr14	92373949
chr14	92375266
chr14	92379194
chr14	92380755
chr14	92381326
chr14	92382549
chr14	92385126
chr14	92385389
chr14	92385833
chr14	92386939
chr14	92389512
chr14	92390116
chr14	92390754
chr14	92391355
chr14	92391521
chr14	92392663
chr14	92392810
chr14	92393881
chr17	54025746
chr17	54025958
chr17	54027367
chr17	54027398
chr17	54027819
chr17	54028205
chr17	54028690
chr17	54033661
chr17	54033916
chr17	54036011
chr17	54036031
chr17	54038649
chr17	54038904
chr17	54039691
chr17	54041142
chr17	54041157
chr17	54044072
chr17	54047706
chr17	54050016
chr17	54050172
chr17	54050809
chr17	54052052
chr17	54053324
chr17	54055179
chr17	54055599
chr17	54055651
chr17	54057904
chr17	54059916
chr17	54060315
chr17	54063639
chr17	54065512
chr17	54066140
chr17	54066457
chr17	54066771
chr17	54067302
chr17	54068285
chr17	54068501
chr17	54068767
chr17	54068910
chr17	54070257
chr17	54070264
chr17	54071827
chr17	54073229
chr17	54074693
chr17	54074837
chr17	54075010
chr17	54075028
chr17	54076700
chr17	54076718
chr17	54076943
chr17	54077213
chr17	54077809
chr17	54078148
chr17	54079044
chr17	54079829
chr17	54080048
chr17	54080088
chr17	54080149
chr17	54081358
chr17	54081674
chr17	54081853
chr17	54082374
chr17	54082985
chr17	54082991
chr17	54083369
chr17	54084530
chr17	54084539
chr17	54084589
chr17	54085441
chr17	54086794
chr17	54087512
chr17	54088089
chr17	54088451
chr17	54088873
chr17	54088876
chr17	54088880
chr17	54089290
chr17	54089772
chr17	54090062
chr17	54090065
chr17	54090140
chr17	54090673
chr17	54091015
chr17	54092671
chr17	54093040
chr17	54093413
chr17	54094842
chr17	54094924
chr17	54095779
chr17	54096457
chr17	54097704
chr17	54098753
chr17	54099034
chr17	54099468
chr17	54101813
chr17	54101815
chr17	54102840
chr17	54104619
chr17	54105166
chr17	54105209
chr17	54106578
chr17	54108945
chr17	54109192
chr17	54109680
chr17	54109787
chr17	54110100
chr17	54110555
chr17	54110611
chr17	54111207
chr17	54112033
chr17	54112698
chr17	54113186
chr17	54115866
chr17	54119074
chr17	54121427
chr17	54121839
chr17	54124158
chr17	54124868
chr17	54127326
chr17	54128084
chr17	54128482
chr17	54128837
chr17	54129049
chr17	54136732
chr17	54137808
chr17	54141845
chr17	54142202
chr17	54143123
chr17	54145779
chr17	54145851
chr17	54146753
chr17	54149962
chr17	54150737
chr17	54153726
chr17	54154746
chr17	54156368
chr17	54157635
chr17	54157655
chr17	54158044
chr17	54160414
chr17	54161926
chr17	54162574
chr17	54164887
chr17	54166389
chr17	54166736
chr17	54167355
chr17	54168843
chr17	54168882
chr17	54170007
chr17	54170296
chr17	54172464
chr17	54172841
chr17	54173573
chr17	54175181
chr17	54180888
chr17	54180970
chr17	54181590
chr17	54181674
chr17	54183954
chr17	54185655
chr17	54186800
chr17	54188205
chr17	54189388
chr17	54193544
chr17	54194906
chr17	54197731
chr17	54198034
chr18	4073119
chr18	4077283
chr18	4078352
chr18	4078406
chr18	4078612
chr18	4078793
chr18	4080788
chr18	4081045
chr18	4081236
chr18	4081983
chr18	4082836
chr18	4084690
chr18	4085046
chr18	4085507
chr18	4087080
chr18	4087123
chr18	4087184
chr18	4087304
chr18	4087468
chr18	4087500
chr18	4087613
chr18	4087869
chr18	4087886
chr18	4087896
chr18	4088808
chr18	4088894
chr18	4088952
chr18	4089862
chr18	4089885
chr18	4089907
chr18	4089972
chr18	4090083
chr18	4090496
chr18	4090698
chr18	4090873
chr18	4090994
chr18	4091010
chr18	4091175
chr18	4092087
chr18	4093706
chr18	4094361
chr18	4095494
chr18	4095548
chr18	4095688
chr18	4096111
chr18	4096474
chr18	4096545
chr18	4096773
chr18	4097308
chr18	4097405
chr18	4097652
chr18	4098102
chr18	4098258
chr18	4098586
chr18	4098739
chr18	4099250
chr18	4099833
chr18	4100531
chr18	4100998
chr18	4101271
chr18	4101958
chr18	4102734
chr18	4102848
chr18	4103345
chr18	4103847
chr18	4103855
chr18	4104151
chr18	4104474
chr18	4105226
chr18	4105978
chr18	4106022
chr18	4106275
chr18	4106637
chr18	4107689
chr18	4108208
chr18	4108396
chr18	4108414
chr18	4109742
chr18	4109834
chr18	4110417
chr18	4112121
chr18	4112321
chr18	4112848
chr18	4112975
chr18	4113043
chr18	4113085
chr18	4113131
chr18	4113788
chr18	4113896
chr18	4114748
chr18	4114816
chr18	4115089
chr18	4115382
chr18	4115586
chr18	4116629
chr18	4117246
chr18	4118035
chr18	4118683
chr18	4118871
chr18	4119177
chr18	4119932
chr18	4120753
chr18	4120756
chr18	4121179
chr18	4122539
chr18	4122770
chr18	4122997
chr18	4123803
chr18	4124237
chr18	4125965
chr18	4127389
chr18	4128242
chr18	4128455
chr18	4128765
chr18	4129466
chr18	4130218
chr18	4130621
chr18	4130679
chr18	4130753
chr18	4130870
chr18	4130912
chr18	4131018
chr18	4131372
chr18	4132579
chr18	4132682
chr18	4133074
chr18	4133719
chr18	4133724
chr18	4136073
chr18	4136135
chr18	4136427
chr18	4136550
chr18	4137037
chr18	4137049
chr18	4137147
chr18	4137155
chr18	4137365
chr18	4137382
chr18	4138109
chr18	4138265
chr18	4139325
chr18	4139462
chr18	4139895
chr18	4139945
chr18	4140515
chr18	4140989
chr18	4141973
chr18	4142089
chr18	4142365
chr18	4142735
chr18	4144036
chr18	4144128
chr18	4144701
chr18	4144732
chr18	4144774
chr18	4145396
chr18	4145495
chr18	4145841
chr18	4145878
chr18	4145915
chr18	4145962
chr18	4147012
chr18	4148058
chr18	4148655
chr18	4149163
chr18	4149610
chr18	4150793
chr18	4152012
chr18	4152199
chr18	4152524
chr18	4152652
chr18	4152928
chr18	4152970
chr18	4153278
chr18	4153887
chr18	4154109
chr18	4154987
chr18	4157373
chr18	4157510
chr18	4158767
chr18	4158819
chr18	4159292
chr18	4159398
chr18	4159425
chr18	4160899
chr18	4161247
chr18	4162760
chr18	4163656
chr18	4163823
chr18	4164161
chr18	4164615
chr18	4164645
chr18	4165314
chr18	4165793
chr18	4166083
chr18	4166273
chr18	4166432
chr18	4166561
chr18	4166606
chr18	4167198
chr18	4167677
chr18	4167883
chr18	4168877
chr18	4168986
chr18	4170155
chr18	4170750
chr18	4171158
chr18	4171425
chr18	4171551
chr18	4171564
chr18	4171917
chr18	4172216
chr18	4172311
chr18	4172465
chr18	4172748
chr18	4173298
chr18	4173350
chr18	4174019
chr18	4174262
chr18	4176328
chr18	4176461
chr18	4176818
chr18	4177532
chr18	4180103
chr18	4180202
chr18	4180840
chr18	4181004
chr18	4181176
chr18	4181513
chr18	4181875
chr18	4181900
chr18	4182613
chr18	4183026
chr18	4183027
chr18	4183978
chr18	4184221
chr18	4186270
chr18	4186450
chr18	4186970
chr18	4187004
chr18	4187499
chr18	4187595
chr18	4188015
chr18	4188566
chr18	4188905
chr18	4189652
chr18	4189765
chr18	4190206
chr18	4190403
chr18	4190429
chr18	4190814
chr18	4191633
chr18	4192265
chr18	4192648
chr18	4194720
chr18	4194929
chr18	4195291
chr18	4195363
chr18	4196107
chr18	4196418
chr18	4196446
chr18	4197766
chr18	4198443
chr18	4198471
chr18	4198529
chr18	4198532
chr18	4198873
chr18	4199559
chr18	4199697
chr18	4199698
chr18	4199976
chr18	4200351
chr18	4201644
chr18	4201784
chr18	4202035
chr18	4202190
chr18	4202483
chr18	4202579
chr18	4203311
chr18	4203505
chr18	4203633
chr18	4203806
chr18	4204829
chr18	4205742
chr18	4206116
chr18	4206271
chr18	4206295
chr18	4206405
chr18	4206594
chr18	4207422
chr18	4207534
chr18	4209106
chr18	4209833
chr18	4210613
chr18	4211302
chr18	4212055
chr18	4212277
chr18	4212630
chr18	4213049
chr18	4213857
chr18	4216056
chr18	4216401
chr18	4216429
chr18	4217524
chr18	4217730
chr18	4218420
chr18	4218925
chr18	4219407
chr18	4219455
chr18	4219897
chr18	4219907
chr18	4220581
chr18	4220598
chr18	4221399
chr18	4222421
chr18	4223415
chr18	4223566
chr18	4224018
chr18	4224268
chr18	4224794
chr18	4225385
chr18	4225386
chr18	4225665
chr18	4226247
chr18	4226491
chr18	4227347
chr18	4227728
chr18	4229115
chr18	4230065
chr18	4230066
chr18	4230745
chr18	4230912
chr18	4231102
chr18	4231630
chr18	4232285
chr18	4233245
chr18	4233324
chr18	4233890
chr18	4233930
chr18	4234587
chr18	4234843
chr18	4235061
chr18	4237243
chr18	4238126
chr18	4239338
chr18	4239686
chr18	4239756
chr18	4239790
chr18	4239912
chr18	4240489
chr18	4241930
chr18	4242020
chr18	4242398
chr18	4243661
chr18	4244544
chr18	4245394
chr18	4245602
chr18	4245973
chr18	4246833
chr18	4246983
chr18	4247376
chr18	4247881
chr18	4248458
chr18	4248739
chr18	4250837
chr19	11727684
chr19	11728165
chr19	11730382
chr19	11731567
chr19	11734150
chr19	11737313
chr19	11737824
chr19	11738019
chr19	11739370
chr19	11740401
chr19	11745667
chr19	11747326
chr19	11749034
chr19	11753840
chr19	11757261
chr19	11760684
chr19	11761976
chr19	11762647
chr19	11763571
chr19	11767478
chr19	11768356
chr19	11769187
chr19	11769638
chr19	11769964
chr19	11771503
chr19	11772358
chr19	11773306
chr19	11773875
chr19	11775505
chr19	11781738
chr19	11781913
chr19	11782992
chr19	11784091
chr19	11799874
chr19	11800380
chr19	11801151
chr19	11802000
chr19	11809483
chr19	11814980
chr19	11816851
chr19	11819444
chr19	11820291
chr19	11823728
chr19	11826209
chr19	11831991
chr19	11832737
chr19	11835321
chr19	11835323
chr19	11835930
chr19	11837412
chr19	11838633
chr19	11839667
chr19	11839683
chr19	11841496
chr19	11850602
chr19	11851378
chr19	11852765
chr19	11854992
chr19	11856989
chr19	11858038
chr19	11858358
chr19	11859083
chr19	11859349
chr19	11860901
chr19	11861831
chr19	11864610
chr19	11865082
chr19	11866757
chr19	11868490
chr19	11868821
chr19	11872284
chr19	11875108
chr19	11878658
chr19	11880423
chr19	11882166
chr19	11882399
chr19	11884039
chr19	11885846
chr19	11887941
chr19	11889018
chr19	11889191
chr19	11889315
chr19	11889646
chr19	11891082
chr19	11892119
chr19	11894883
chr19	11897303
chr19	11897507
chr19	11897829
chr19	11898536
chr19	11899383
chr19	11899810
chr19	11900056
chr19	11901096
chr19	11902588
chr19	11903540
chr19	11905306
chr19	11907828
chr19	11908487
chr19	11908919
chr19	11910885
chr19	11912122
chr19	11912123
chr19	11914757
chr19	11916786
chr19	11917306
chr19	11919045
chr19	11919747
chr19	11921074
chr19	11922644
chr19	11924745
chr19	11924977
chr19	11925053
chr19	11925927
chr19	11926001
chr19	11926093
chr19	11926681
chr19	11926829
chr19	11927211
chr19	11928111
chr19	11932905
chr19	11934588
chr19	11935131
chr19	11935500
chr19	11936679
chr19	11937795
chr19	11938082
chr19	11938972
chr19	11939328
chr19	11940432
chr19	11940483
chr19	11940507
chr19	11940510
chr19	11940511
chr19	11940528
chr19	11940529
chr19	11940534
chr19	11940590
chr19	11941048
chr19	11941715
chr19	11945132
chr19	11945849
chr19	11946216
chr19	11947881
chr19	11948179
chr19	11948208
chr19	11950456
chr19	11950457
chr19	11950777
chr19	11950966
chr19	11951330
chr19	11951373
chr19	11952956
chr19	11955773
chr19	11957014
chr19	11957123
chr19	11958269
chr19	11958271
chr19	11959025
chr19	11960160
chr19	11960313
chr19	11964301
chr19	11964974
chr19	11965315
chr19	11967650
chr19	11968318
chr19	11969163
chr19	11969517
chr19	11970902
chr19	11974470
chr19	11975080
chr19	11976723
chr19	11976780
chr19	11977110
chr19	11977190
chr19	11980659
chr19	11983192
chr19	11983774
chr19	11984375
chr19	11984497
chr19	11984812
chr19	11985479
chr19	11985493
chr19	11985579
chr19	11988970
chr19	11989249
chr19	11989760
chr19	11989871
chr19	11991102
chr19	11991144
chr19	11992147
chr19	11992190
chr19	11995747
chr19	11995748
chr19	11998319
chr19	11998634
chr19	12000386
chr19	12000965
chr19	12001641
chr19	12003960
chr19	12010528
chr19	12012427
chr19	12013560
chr19	12013767
chr19	12013810
chr19	12014001
chr19	12014363
chr19	12014364
chr19	12018843
chr19	12020544
chr19	12020587
chr19	12020810
chr19	12021625
chr19	12021917
chr19	12022175
chr19	12022358
chr19	12025099
chr19	12026050
chr19	12027280
chr19	12029715
chr19	12030107
chr19	12031880
chr19	12033101
chr19	12033450
chr19	12033982
chr19	12034543
chr19	12035810
chr19	12039369
chr19	12039370
chr19	12040556
chr19	12041385
chr19	12041427
chr19	12045385
chr19	12045509
chr19	12048832
chr19	12049341
chr19	12049364
chr19	12049639
chr19	12052292
chr19	12053815
chr19	12053840
chr19	12053999
chr19	12054129
chr19	12054831
chr19	12054835
chr19	12055882
chr19	12056469
chr19	12057255
chr19	12058156
chr19	12059489
chr19	12059790
chr19	12060768
chr19	12060853
chr19	12063580
chr19	12064296
chr19	12066926
chr19	12067404
chr19	12067412
chr19	12067414
chr19	12067418
chr19	12067645
chr19	12067987
chr19	12069325
chr19	12069333
chr19	12069438
chr19	12071072
chr19	12072502
chr19	12072875
chr19	12073376
chr19	12073446
chr19	12074962
chr19	12077919
chr19	12078065
chr19	12078535
chr19	12078564
chr19	12079061
chr19	12079298
chr19	12083409
chr19	12085466
chr19	12087321
chr2	151055053
chr2	151055748
chr2	151055798
chr2	151058497
chr2	151069268
chr2	151070660
chr2	151075378
chr2	151077551
chr2	151077775
chr2	151078267
chr2	151080738
chr2	151082236
chr2	151082454
chr2	151082908
chr2	151083618
chr2	151083631
chr2	151084170
chr2	151085131
chr2	151085210
chr2	151085382
chr2	151086360
chr2	151086645
chr2	151087719
chr2	151090012
chr2	151096961
chr2	151097748
chr2	151099853
chr2	151100496
chr2	151102339
chr2	151106053
chr2	151107273
chr2	151107651
chr2	151113476
chr2	151121152
chr2	151122786
chr2	151124016
chr2	151126600
chr2	151126792
chr2	151127331
chr2	151127518
chr2	151127659
chr2	151127801
chr2	151129918
chr2	151131700
chr2	151132030
chr2	151132049
chr2	151132447
chr2	151134805
chr2	151137760
chr2	151138081
chr2	151140444
chr2	151140470
chr2	151141289
chr2	151141927
chr2	151143390
chr2	151144474
chr2	151145842
chr2	151146415
chr2	151147331
chr2	151149322
chr2	151151647
chr2	151151865
chr2	151152355
chr2	151153048
chr2	151153964
chr2	151154016
chr2	151154890
chr2	151155551
chr2	151157034
chr2	151158149
chr2	151162450
chr2	151163597
chr2	151164717
chr2	151165065
chr2	151165550
chr2	151166392
chr2	151166561
chr2	151167054
chr2	151167526
chr2	151168192
chr2	151171601
chr2	151172378
chr2	151172813
chr2	151173193
chr2	151173586
chr2	151174495
chr2	151175639
chr2	151176929
chr2	151177700
chr2	151178796
chr2	151180274
chr2	151182564
chr2	151188280
chr2	151188981
chr2	151194524
chr2	151198232
chr2	241800117
chr2	241800508
chr2	241801222
chr2	241802607
chr2	241803032
chr2	241803811
chr2	241803964
chr2	241804010
chr2	241805189
chr2	241805252
chr2	241808177
chr2	241808293
chr2	241808294
chr2	241808455
chr2	241808945
chr2	241809404
chr2	241809568
chr2	241810544
chr2	241810972
chr2	241811077
chr2	241811883
chr2	241811910
chr2	241812112
chr2	241812114
chr2	241812307
chr2	241812352
chr2	241812454
chr2	241813045
chr2	241813843
chr2	241813903
chr2	241813961
chr2	241814177
chr2	241815140
chr2	241815301
chr2	241815458
chr2	241815464
chr2	241816345
chr2	241816433
chr2	241816965
chr2	241817044
chr2	241817600
chr2	241817721
chr2	241817769
chr2	241818559
chr2	241818736
chr2	241819389
chr2	241820068
chr2	241820125
chr2	241820777
chr2	241820878
chr2	241821045
chr2	241821297
chr2	241821673
chr2	241822233
chr2	241822258
chr2	241822298
chr2	241823045
chr2	241823129
chr2	241824019
chr2	241841077
chr2	241841499
chr2	241842121
chr2	241842376
chr2	241842475
chr2	241842488
chr2	241842877
chr2	241843210
chr2	241843399
chr2	241843630
chr2	241844043
chr2	241844076
chr2	241844349
chr2	241845073
chr2	241845422
chr2	241846050
chr2	241846774
chr2	241846780
chr2	241846783
chr2	241847213
chr2	241847314
chr2	241847751
chr2	241848794
chr2	241848943
chr2	241849417
chr2	241849462
chr2	241849525
chr2	241849560
chr2	241852090
chr2	241852110
chr2	241852468
chr2	241853256
chr2	241853292
chr2	241853695
chr2	241853790
chr2	241855150
chr2	241855181
chr2	241855303
chr2	241855638
chr2	241856323
chr2	241856995
chr2	241857457
chr2	241857769
chr2	241858686
chr2	241860172
chr2	241860575
chr2	241860786
chr2	241861556
chr2	241861666
chr2	241861678
chr2	241861735
chr2	241861849
chr2	241862306
chr2	241862387
chr2	241863061
chr2	241863623
chr2	241863627
chr2	241863827
chr2	241864102
chr2	241864135
chr2	241864344
chr2	241864370
chr2	241864389
chr2	241864390
chr2	241864397
chr2	241864404
chr2	241864417
chr2	241864469
chr2	241864485
chr2	241864486
chr2	241864930
chr2	241866115
chr2	241866570
chr2	241866673
chr2	241866923
chr2	241867160
chr2	241867304
chr2	241867325
chr2	241867411
chr2	241867868
chr2	241868458
chr2	241868480
chr2	241868548
chr2	241869518
chr22	45556281
chr22	45556712
chr22	45561206
chr22	45565380
chr22	45566964
chr22	45570285
chr22	45570585
chr22	45574695
chr22	45579060
chr22	45582167
chr22	45583800
chr22	45583941
chr22	45584182
chr22	45585567
chr3	13014305
chr3	13014315
chr3	13014826
chr3	13016857
chr3	13017167
chr3	13017436
chr3	13018005
chr3	13019629
chr3	13020454
chr3	13020806
chr3	13021334
chr3	13022433
chr3	13024066
chr3	13024084
chr3	13024641
chr3	13025129
chr3	13025749
chr3	13029800
chr3	13030438
chr3	13030872
chr3	13033011
chr3	13034394
chr3	13034771
chr3	13035177
chr3	13035789
chr3	13036025
chr3	13036175
chr3	13036464
chr3	13037287
chr3	13037451
chr3	13037706
chr3	13038041
chr3	13038250
chr3	13038874
chr3	13039735
chr3	13041085
chr3	13041202
chr3	13041273
chr3	13041357
chr3	13047250
chr3	13048711
chr3	13049147
chr3	13049229
chr3	13049257
chr3	13049818
chr3	13050636
chr3	13051664
chr3	13052410
chr3	13052582
chr3	13053062
chr3	13053840
chr3	13055501
chr3	13055516
chr3	13056283
chr3	13056920
chr3	13057699
chr3	13058118
chr3	13058125
chr3	13060321
chr3	13060519
chr3	13061158
chr3	13062043
chr3	13062086
chr3	13065016
chr3	13065138
chr3	13065519
chr3	13066667
chr3	13066796
chr3	13067251
chr3	13069700
chr3	13069874
chr3	13070457
chr3	13071144
chr3	13072006
chr3	13073474
chr3	13073672
chr3	13074640
chr3	13074848
chr3	13075029
chr3	13076024
chr3	13076872
chr3	13077823
chr3	13078585
chr3	13079711
chr3	13080038
chr3	13080271
chr3	13082749
chr3	13083838
chr3	13086705
chr3	13088280
chr3	13089289
chr3	13089424
chr3	13090432
chr3	13090628
chr3	13091012
chr3	13091224
chr3	13093400
chr3	13093711
chr3	13094599
chr3	13095516
chr3	13095570
chr3	13095914
chr3	13096402
chr3	13097082
chr3	13097659
chr3	13098163
chr3	13098460
chr3	13098490
chr3	13099562
chr3	13099817
chr3	13099844
chr3	13100554
chr3	13100731
chr3	13100754
chr3	13100871
chr3	13101179
chr3	13101212
chr3	13101420
chr3	13101437
chr3	13102506
chr3	13102623
chr3	13103876
chr3	13104684
chr3	13104778
chr3	13105178
chr3	13106765
chr3	13106817
chr3	13106841
chr3	13107473
chr3	13107519
chr3	13107820
chr3	13107893
chr3	13108596
chr3	13108754
chr3	13109934
chr3	13110396
chr3	13110422
chr3	13110677
chr3	13111169
chr3	13111170
chr3	13111432
chr3	13111906
chr3	13111911
chr3	13112013
chr3	13113310
chr3	13113767
chr3	13113845
chr3	13114749
chr3	13114932
chr3	13115799
chr3	13115834
chr3	13115904
chr3	13116915
chr3	13117543
chr3	13119232
chr3	13121553
chr3	13121696
chr3	13122431
chr3	13122572
chr3	13122930
chr3	13123199
chr3	13124034
chr3	13125205
chr3	13125330
chr3	13125883
chr3	13126571
chr3	13128738
chr3	13128830
chr3	13128835
chr3	13130075
chr3	13130142
chr3	13130632
chr3	13131017
chr3	13132090
chr3	13132218
chr3	13132853
chr3	13133070
chr3	13133274
chr3	13133419
chr3	13134453
chr3	13135941
chr3	13137850
chr3	13138013
chr3	13138451
chr3	13138574
chr3	13139507
chr3	13140853
chr3	13141343
chr3	13143131
chr3	13144207
chr3	13144644
chr3	13145060
chr3	13146446
chr3	13146747
chr3	13147267
chr3	13147735
chr3	13148419
chr3	13148824
chr3	13149100
chr3	13149302
chr3	13151295
chr3	13152733
chr3	13154480
chr3	13154482
chr3	13154664
chr3	13155598
chr3	13156563
chr3	13157161
chr3	13157235
chr3	13157401
chr3	13158326
chr3	13158701
chr3	13159321
chr3	13159327
chr3	13159540
chr3	13159600
chr3	13160057
chr3	13160350
chr3	13161592
chr3	13161715
chr3	13161817
chr3	13161825
chr3	13161960
chr3	13162028
chr3	13162047
chr3	13162343
chr3	13162856
chr3	13163092
chr3	13163159
chr3	13164223
chr3	13165457
chr3	13165788
chr3	13166230
chr3	13166368
chr3	13167488
chr3	13167592
chr3	13167613
chr3	13167788
chr3	13167977
chr3	13168029
chr3	13168243
chr3	13168263
chr3	13169543
chr3	13170324
chr3	13170969
chr3	13172317
chr3	13172682
chr3	13172787
chr3	13172867
chr3	13172955
chr3	13173453
chr3	13174275
chr3	13174315
chr3	13174330
chr3	13174854
chr3	13174857
chr3	13175194
chr3	13175874
chr3	13176644
chr3	13177968
chr3	13179614
chr3	13180263
chr3	13185975
chr3	13185986
chr3	13187329
chr3	13187337
chr3	13191239
chr3	13193046
chr3	13193462
chr3	13194071
chr3	13197942
chr3	13198661
chr3	13198699
chr3	13199756
chr3	13200612
chr3	13201522
chr3	13202837
chr3	13205916
chr3	13206150
chr3	13206156
chr3	13210353
chr3	13210852
chr3	61794192
chr3	61795263
chr3	61797976
chr3	61798966
chr3	61800629
chr3	61800731
chr3	61802839
chr3	61803451
chr3	61803876
chr3	61804251
chr3	61804580
chr3	61804969
chr3	61805275
chr3	61806019
chr3	61807083
chr3	61807117
chr3	61807507
chr3	61807875
chr3	61809752
chr3	61809963
chr3	61812204
chr3	61821084
chr3	61821416
chr3	61822072
chr3	61824037
chr3	61824819
chr3	61826192
chr3	61830195
chr3	61830510
chr3	61830542
chr3	61830941
chr3	61833833
chr3	61834528
chr3	61834581
chr3	61835151
chr3	61842515
chr3	61848974
chr3	61849517
chr3	61849533
chr3	61851124
chr3	61852522
chr3	61853037
chr3	61976133
chr3	61976858
chr3	61977558
chr3	61977624
chr3	61977799
chr3	61978373
chr3	61980732
chr3	61983766
chr3	61983846
chr3	61984633
chr3	61985199
chr4	82755644
chr4	82758887
chr4	82762437
chr4	82765769
chr4	82771109
chr4	82775006
chr4	82775458
chr4	82775505
chr4	82777091
chr4	82778802
chr4	82779840
chr4	82781559
chr4	82782320
chr4	82784506
chr4	82786207
chr4	82786624
chr4	82789038
chr4	82792272
chr4	82792906
chr4	82793509
chr4	82794618
chr4	82794726
chr4	82795586
chr4	82795850
chr4	82798633
chr4	82798966
chr4	82799342
chr4	82800674
chr4	82801007
chr4	82802121
chr4	82803039
chr4	82803455
chr4	82805169
chr4	82806519
chr4	82807275
chr4	82807533
chr4	82809028
chr4	82809172
chr4	82812673
chr4	82813900
chr4	82814832
chr4	82816166
chr4	82816546
chr4	82816879
chr4	82817130
chr4	82817846
chr4	82825170
chr4	82825639
chr4	82826649
chr4	82827302
chr4	82829130
chr4	82830149
chr4	82834397
chr4	82835607
chr4	82835655
chr4	82835847
chr4	82838218
chr4	82839196
chr4	82840500
chr4	82841204
chr4	82847180
chr4	82855165
chr4	82855359
chr4	82855565
chr4	82857851
chr4	82859520
chr4	82860951
chr4	82861781
chr4	82866866
chr4	82866923
chr4	82867876
chr4	82870199
chr4	82870552
chr4	82873043
chr4	82873863
chr4	82874293
chr4	82876461
chr4	82876587
chr4	82877884
chr4	82878909
chr4	82879002
chr4	82879133
chr4	82880144
chr4	82881412
chr4	82884090
chr4	82885754
chr4	82886811
chr4	82888087
chr4	82889460
chr4	82890690
chr4	82892887
chr4	82898236
chr4	82898693
chr4	82899309
chr4	82900551
chr4	82901723
chr4	82903763
chr4	82905344
chr4	82905576
chr4	82905868
chr4	82908767
chr4	82909701
chr4	82912807
chr4	82913290
chr4	82913569
chr4	82914133
chr4	82915403
chr4	82915964
chr4	82916304
chr4	82917236
chr4	82917780
chr4	82919112
chr4	82926943
chr4	82929119
chr4	82930000
chr4	82932167
chr4	82934133
chr4	82934353
chr4	82934538
chr4	82935578
chr4	82936529
chr4	82936560
chr4	82936906
chr4	82937605
chr4	82938330
chr4	82940628
chr4	82941173
chr4	82941876
chr4	82942839
chr4	82943478
chr4	82945533
chr4	82947722
chr4	82948965
chr4	82949158
chr4	82949509
chr4	82950330
chr4	82950991
chr4	82951008
chr4	82952227
chr4	82954995
chr4	82956105
chr4	82957970
chr4	82959338
chr4	82959691
chr4	82960129
chr4	82960155
chr4	82961735
chr4	82962687
chr4	82965138
chr4	82965784
chr4	82966963
chr4	82968878
chr4	82969470
chr4	82970995
chr4	82972198
chr4	82972720
chr4	82972949
chr4	82972950
chr4	82973255
chr4	82975669
chr4	82975812
chr4	82975828
chr4	82976995
chr4	82977049
chr4	82977103
chr4	82977104
chr4	82979700
chr4	82981623
chr4	82982934
chr4	82985245
chr4	82985419
chr4	82986414
chr4	82987151
chr4	82988508
chr4	82988524
chr4	82990628
chr4	82993497
chr4	82994483
chr4	82995491
chr4	82995495
chr4	82996211
chr4	82996293
chr4	82996798
chr4	82998004
chr4	82999092
chr4	83002119
chr4	83003310
chr4	83004050
chr4	83004615
chr4	83004837
chr4	83006516
chr4	83006994
chr4	83008749
chr4	83008800
chr4	83009111
chr4	83010520
chr4	83011207
chr4	83012248
chr4	83013424
chr4	83014294
chr4	83014533
chr4	83020756
chr4	83020770
chr4	83022129
chr4	83022894
chr4	83023388
chr4	83023402
chr4	83025467
chr4	83026234
chr4	83026354
chr4	83026983
chr4	83027526
chr4	83028155
chr4	83028997
chr4	83029911
chr4	83034570
chr4	83035032
chr4	83037979
chr4	83038912
chr4	83038971
chr4	83039315
chr4	83039527
chr4	83042825
chr4	83044213
chr4	83044353
chr4	83046229
chr4	83046372
chr4	83046380
chr4	83046539
chr4	83047581
chr4	83047862
chr4	83049007
chr4	83054439
chr4	83055468
chr4	83057431
chr4	83057432
chr4	83057704
chr4	83059063
chr4	83059463
chr4	83061112
chr4	83061325
chr4	83061818
chr4	83062123
chr4	83063146
chr4	83066905
chr4	83067207
chr4	83071868
chr4	83073383
chr4	83074799
chr4	83076749
chr4	83077219
chr4	83077420
chr4	83080777
chr4	83083169
chr4	83083322
chr4	83083845
chr4	83085312
chr4	83086239
chr4	83086585
chr4	83087308
chr4	83087583
chr4	83087832
chr4	83091061
chr4	83092941
chr4	83097799
chr4	83102474
chr4	83106263
chr4	83106383
chr4	83108024
chr4	83110284
chr4	83111151
chr4	83113319
chr4	83117501
chr4	83118281
chr4	83118432
chr4	83120830
chr4	83123301
chr4	83124863
chr4	110196850
chr4	110197919
chr4	110198085
chr4	110198087
chr4	110203712
chr4	110204270
chr4	110205633
chr4	110206253
chr4	110206432
chr4	110207227
chr4	110207397
chr4	110207633
chr4	110208485
chr4	110208933
chr4	110212268
chr4	110212333
chr4	110212771
chr4	110212797
chr4	110212881
chr4	110213898
chr4	110214845
chr4	110215607
chr4	110215735
chr4	110216586
chr4	110216815
chr4	110217881
chr4	110220695
chr4	110220911
chr4	110221188
chr4	110223318
chr4	110223925
chr4	110224073
chr4	110224808
chr4	110225083
chr4	110225450
chr4	110228937
chr4	110230888
chr4	110232107
chr4	110232325
chr4	110232592
chr4	110232984
chr4	110233079
chr4	110234460
chr4	110234738
chr4	110237369
chr4	110237493
chr4	110238435
chr4	110239903
chr4	110241114
chr4	110241483
chr4	110241853
chr4	110242349
chr4	110243825
chr4	110244302
chr4	110246515
chr4	110246962
chr4	110247652
chr4	110248106
chr4	110248623
chr4	110249444
chr4	110249484
chr4	110252862
chr4	110255007
chr4	110255088
chr4	110255255
chr4	110255643
chr4	110255874
chr4	110256303
chr4	110257515
chr4	110257729
chr4	110258707
chr4	110259533
chr4	110259959
chr4	110260267
chr4	110261908
chr4	110261952
chr4	110262269
chr4	110263311
chr4	110263583
chr4	110263872
chr4	110264014
chr4	110264462
chr4	110264523
chr4	110265529
chr4	110265547
chr4	110266998
chr4	110266999
chr4	110267282
chr4	110267539
chr4	110267895
chr4	110268080
chr4	110269892
chr4	110270107
chr4	110271085
chr4	110273199
chr4	110273873
chr4	110274025
chr4	110274412
chr4	110275138
chr4	110275885
chr4	110277380
chr4	110279235
chr4	110279989
chr4	110280968
chr4	110281082
chr4	110282308
chr4	110283219
chr4	110283429
chr4	110283728
chr4	110283889
chr4	110284992
chr4	110285400
chr4	110285468
chr4	110287847
chr4	110288186
chr4	110288678
chr4	110288746
chr4	110289293
chr4	110291049
chr4	110291354
chr4	110291463
chr4	110292989
chr4	110293023
chr4	110293055
chr4	110293301
chr4	110294306
chr4	110296751
chr4	110296771
chr4	110296825
chr4	110299092
chr4	110299680
chr4	110299842
chr4	110300550
chr4	110301525
chr4	110302652
chr4	110303481
chr4	110306039
chr4	110306344
chr4	110306893
chr4	110307222
chr4	110309136
chr4	110309184
chr4	110309359
chr4	110310181
chr4	110310341
chr4	110313035
chr4	110313111
chr4	110314198
chr4	110314963
chr4	110315539
chr4	110317468
chr4	110317609
chr4	110317670
chr4	110317764
chr4	110318161
chr4	110318790
chr4	110320193
chr4	110321395
chr4	110323367
chr4	110323883
chr4	110325877
chr4	110325943
chr4	110326798
chr4	110326897
chr4	110327259
chr4	110327865
chr4	110328871
chr4	110329460
chr4	110331458
chr4	110332435
chr4	110332522
chr4	110333047
chr4	110333466
chr4	110334098
chr4	110335087
chr4	110335166
chr4	110335175
chr4	110335182
chr4	110335198
chr4	110335327
chr4	110335453
chr4	110335778
chr4	110336380
chr4	110336700
chr4	110336936
chr4	110337143
chr4	110338418
chr4	110339272
chr4	110339661
chr4	110340144
chr4	110340416
chr4	110345129
chr4	110345922
chr4	110346746
chr4	110349384
chr4	110349681
chr4	110350369
chr4	110353670
chr4	110354520
chr4	110355543
chr4	110357254
chr4	110359289
chr4	110362347
chr4	110362885
chr4	110362995
chr4	110363373
chr4	110363610
chr4	110364454
chr4	110365180
chr4	110366542
chr4	110367532
chr4	110367863
chr4	110369196
chr4	110370749
chr4	110371034
chr4	110372597
chr4	110376236
chr4	152705477
chr4	152706646
chr4	152708591
chr4	152712441
chr4	152713033
chr4	152713510
chr4	152713811
chr4	152715435
chr4	152716203
chr4	152716432
chr4	152719273
chr4	152722018
chr4	152724875
chr4	152725498
chr4	152725521
chr4	152727579
chr4	152729417
chr4	152729989
chr4	152730252
chr4	152731917
chr4	152732015
chr4	152733146
chr4	152734703
chr4	152734987
chr4	152734992
chr4	152735625
chr4	152735968
chr4	152738514
chr4	152740838
chr4	152745452
chr4	152745910
chr4	152749176
chr4	152749796
chr4	152753918
chr4	152755768
chr4	152756310
chr4	152756443
chr4	152757078
chr4	152758176
chr4	152761467
chr4	152762045
chr4	152762594
chr4	152762975
chr4	152763476
chr4	152764612
chr4	152766524
chr4	152773275
chr4	152774684
chr4	152774685
chr4	152779316
chr6	30932658
chr6	30934961
chr6	30936436
chr6	30940845
chr6	30945291
chr6	30946113
chr6	30956291
chr6	30956472
chr6	30956727
chr6	30957298
chr6	30957692
chr6	30957693
chr6	30958411
chr6	30958420
chr6	30958781
chr6	30959018
chr6	30960071
chr6	30962145
chr6	30963437
chr6	30963481
chr6	30963524
chr6	30964021
chr6	30968556
chr6	30984793
chr6	30989413
chr6	30989907
chr6	30991209
chr6	30997134
chr6	30998148
chr6	31001260
chr6	31003087
chr6	31010834
chr6	31012426
chr6	31014050
chr6	31017062
chr6	31020034
chr6	31020852
chr6	31021041
chr6	31021198
chr6	31021612
chr6	31021862
chr6	31022304
chr6	31022536
chr6	31022619
chr6	31023803
chr6	31023804
chr6	31024226
chr6	31025858
chr6	31026261
chr6	31026262
chr6	31026265
chr6	31026269
chr6	31026279
chr6	31026286
chr6	31026289
chr6	31026294
chr6	31026299
chr6	31026858
chr6	31026953
chr6	31028049
chr6	31028388
chr6	31028537
chr6	31029680
chr6	31030100
chr6	31030465
chr6	31031478
chr6	31031767
chr6	31031841
chr6	31033613
chr6	31033764
chr6	31035668
chr6	31036271
chr6	31037487
chr6	31040662
chr6	31042570
chr6	31043054
chr6	31043254
chr6	31044274
chr6	31045297
chr6	31045574
chr6	31045949
chr6	31046416
chr6	31047474
chr6	31048716
chr6	31051287
chr6	31051867
chr6	31052751
chr6	31053765
chr6	31056255
chr6	31056533
chr6	31056933
chr6	31056985
chr6	31057018
chr6	31057483
chr6	31058459
chr6	31059200
chr6	31059402
chr6	31059642
chr6	31059792
chr6	31059901
chr6	31060173
chr6	31060174
chr6	31060994
chr6	31061318
chr6	31062526
chr6	31063318
chr6	31063574
chr6	31065345
chr6	31066554
chr6	31067976
chr6	31068498
chr6	31069547
chr6	31069678
chr6	31069924
chr6	31070111
chr6	31072153
chr6	31072761
chr6	31073466
chr6	31073503
chr6	31073676
chr6	31073687
chr6	31075762
chr6	31075791
chr6	31077603
chr6	31077777
chr6	31078024
chr6	31078025
chr6	31079869
chr6	31079897
chr6	31079920
chr6	31081291
chr6	31081589
chr6	31081878
chr6	31081905
chr6	31082539
chr6	31082540
chr6	31083105
chr6	31083231
chr6	31083422
chr6	31083439
chr6	31083535
chr6	31083776
chr6	31083788
chr6	31086322
chr6	31086440
chr6	31087146
chr6	31087241
chr6	31087500
chr6	31088002
chr6	31089960
chr6	31090401
chr6	31091198
chr6	31091320
chr6	31092176
chr6	31092177
chr6	31093718
chr6	31093854
chr6	31094005
chr6	31095506
chr6	31095635
chr6	31096325
chr6	31099406
chr6	31100425
chr6	31100830
chr6	31101061
chr6	31101494
chr6	31102745
chr6	31102747
chr6	31103676
chr6	31104229
chr6	31104908
chr6	31105147
chr6	31105287
chr6	31105291
chr6	31105294
chr6	31105322
chr6	31105560
chr6	31105592
chr6	31105760
chr6	31105879
chr6	31105972
chr6	31105995
chr6	31106147
chr6	31106351
chr6	31106371
chr6	31106678
chr6	31107941
chr6	31108226
chr6	31108307
chr6	31108422
chr6	31108503
chr6	31109037
chr6	31109269
chr6	31109610
chr6	31109628
chr6	31110383
chr6	31110960
chr6	31111059
chr6	31111487
chr6	31111594
chr6	31112118
chr6	31112326
chr6	31112590
chr6	31112941
chr6	31114669
chr6	31115169
chr6	31116498
chr6	31117957
chr6	31118653
chr6	31121351
chr6	31121763
chr6	31123306
chr6	31123503
chr6	31123580
chr6	31123680
chr6	31124895
chr6	31124899
chr6	31124916
chr6	31125233
chr6	31125280
chr6	31125299
chr6	31125321
chr6	31125376
chr6	31125998
chr6	31126045
chr6	31126065
chr6	31126496
chr6	31126549
chr6	31126699
chr6	31126858
chr6	31127010
chr6	31127134
chr6	31127176
chr6	31127832
chr6	31127945
chr6	31128048
chr6	31128326
chr6	31128520
chr6	31129094
chr6	31129146
chr6	31129296
chr6	31129301
chr6	31129655
chr6	31129725
chr6	31130419
chr6	31130644
chr6	31130762
chr6	31130939
chr6	31131181
chr6	31131462
chr6	31131622
chr6	31131830
chr6	31132108
chr6	31132132
chr6	31132135
chr6	31132338
chr6	31132883
chr6	31133043
chr6	31133093
chr6	31133116
chr6	31133553
chr6	31133625
chr6	31133655
chr6	31133659
chr6	31133943
chr6	31134052
chr6	31134099
chr6	31134104
chr6	31134107
chr6	31134384
chr6	31134428
chr6	31134503
chr6	31134595
chr6	31134671
chr6	31134988
chr6	31136031
chr6	31138211
chr6	31138773
chr6	31140333
chr6	31140698
chr6	31147384
chr6	31147933
chr6	31148057
chr6	33008279
chr6	33009089
chr6	33009354
chr6	33009405
chr6	33009521
chr6	33009642
chr6	33092117
chr6	33092341
chr6	33092927
chr6	33093594
chr6	33093914
chr6	33096510
chr6	33096540
chr6	33100731
chr6	33100995
chr6	33101456
chr6	33102453
chr6	33103814
chr6	33103820
chr6	33103967
chr6	33104062
chr6	33104395
chr6	33104633
chr6	33104638
chr6	33106127
chr6	33107130
chr6	33108038
chr6	33108169
chr6	33110796
chr6	33111608
chr6	33112452
chr6	33112463
chr6	33112582
chr6	33112583
chr6	33115144
chr6	33115426
chr6	85328394
chr6	85333959
chr6	85334992
chr6	85335292
chr6	85340299
chr6	85341447
chr6	85342577
chr6	85343114
chr6	85346298
chr6	85353132
chr6	85355047
chr6	85356202
chr6	85356378
chr6	85356746
chr6	85358009
chr6	85358388
chr6	85359024
chr6	85359510
chr6	85360219
chr6	85362367
chr6	85362417
chr6	85362935
chr6	85362955
chr6	85364688
chr6	85371349
chr6	85375898
chr6	85377765
chr6	85377767
chr6	85382586
chr7	129553314
chr7	129556452
chr7	129565751
chr7	129567624
chr7	129567711
chr7	129569352
chr7	129569683
chr7	129569716
chr7	129571163
chr7	129573476
chr7	129575493
chr7	129575692
chr7	129578947
chr7	129579153
chr7	129582796
chr7	129583068
chr7	129583339
chr7	129586608
chr7	129587889
chr7	129589514
chr7	129589694
chr7	129590042
chr7	129591071
chr7	129592584
chr7	129595729
chr7	129596096
chr7	129596527
chr7	129596842
chr7	129599103
chr7	129599308
chr7	129602141
chr7	129603060
chr7	129603884
chr7	129606291
chr7	129607926
chr7	129608988
chr7	129610072
chr7	129610159
chr7	129614215
chr7	129618401
chr7	129620958
chr7	129620982
chr7	129621606
chr7	129623069
chr7	129625748
chr7	129630060
chr7	129630963
chr7	129631312
chr7	129631466
chr7	129632464
chr7	129637049
chr7	129638069
chr7	129639570
chr7	129639840
chr7	129639854
chr7	129639971
chr7	129640235
chr7	129641074
chr7	129643574
chr7	129643844
chr7	129644117
chr7	129644326
chr7	129645277
chr7	129645953
chr7	129646777
chr7	129646856
chr7	129647486
chr7	129647860
chr7	129648381
chr7	129652881
chr7	129653868
chr7	129654971
chr7	129655338
chr7	129656217
chr7	129658653
chr7	129658696
chr7	129659162
chr7	129659685
chr7	129660156
chr7	129660794
chr7	129663261
chr7	129663327
chr7	129663828
chr7	129665434
chr7	129668289
chr7	129669202
chr7	129669364
chr7	129670709
chr7	129674822
chr7	129675919
chr7	129682237
chr7	129682419
chr7	129684462
chr7	129686661
chr7	129690522
chr7	129692636
chr7	129693264
chr7	129693456
chr7	129695159
chr7	129695583
chr7	129696263
chr7	129697547
chr7	129704207
chr7	129706009
chr7	129707670
chr7	129711156
chr7	129714176
chr7	129716148
chr7	129716941
chr7	129722415
chr7	129722775
chr7	129724641
chr7	129729554
chr7	129733190
chr7	129733700
chr7	129736172
chr7	129736625
chr7	129736708
chr7	129738831
chr7	129742532
chr7	129744095
chr7	129745578
chr7	129745693
chr7	129746186
chr7	129746360
chr7	129747745
chr7	129748609
chr7	129749074
chr7	129749742
chr7	129750343
chr7	129750612
chr7	129750789
chr7	129751318
chr7	129754564
chr7	129756191
chr7	129757017
chr7	129757765
chr7	129757873
chr7	129758343
chr7	129759764
chr7	129764868
chr7	129766282
chr7	129768083
chr7	129771438
chr7	129771603
chr7	129771637
chr7	129771660
chr7	129772563
chr7	129773165
chr7	129774681
chr7	129774765
chr7	129779522
chr7	129783187
chr7	147651508
chr7	147652889
chr7	147655899
chr7	147656429
chr7	147656584
chr7	147656788
chr7	147657140
chr7	147660215
chr7	147660244
chr7	147661512
chr7	147661859
chr7	147665094
chr7	147665110
chr7	147665358
chr7	147666248
chr7	147667796
chr7	147668219
chr7	147668466
chr7	147668715
chr7	147668840
chr7	147670162
chr7	147671328
chr7	147671764
chr7	147671768
chr7	147672172
chr7	147672243
chr7	147672258
chr7	147672494
chr7	147672691
chr7	147673136
chr7	147673354
chr7	147673677
chr7	147673798
chr7	147673812
chr7	147674345
chr7	147674626
chr7	147675102
chr7	147675181
chr7	147675195
chr7	147675643
chr7	147676279
chr7	147677643
chr7	147678019
chr7	147678079
chr7	147678089
chr7	147678249
chr7	147678465
chr7	147678650
chr7	147678718
chr7	147678730
chr7	147678863
chr7	147679293
chr7	147680611
chr7	147680957
chr7	147681116
chr7	147681363
chr7	147681715
chr7	147681825
chr7	147682269
chr7	147682434
chr7	147682774
chr7	147682822
chr7	147682938
chr7	147684563
chr7	147684736
chr7	147685168
chr7	147687672
chr7	147687782
chr7	147688131
chr7	147688365
chr7	147688404
chr7	147689256
chr7	147689439
chr7	147689848
chr7	147689904
chr7	147690152
chr7	147690344
chr7	147690446
chr7	147690486
chr7	147690699
chr7	147690899
chr7	147690968
chr7	147691313
chr7	147691376
chr7	147691694
chr7	147691840
chr7	147692008
chr7	147692769
chr7	147692782
chr7	147692837
chr7	147694957
chr7	147694958
chr7	147695475
chr7	147695974
chr7	147696007
chr7	147696027
chr7	147697343
chr8	133801360
chr8	133801569
chr8	133802899
chr8	133803731
chr8	133804216
chr8	133804647
chr8	133805163
chr8	133806806
chr8	133807547
chr8	133810265
chr8	133810440
chr8	133812785
chr8	133813692
chr8	133814626
chr8	133817386
chr8	133817629
chr8	133817968
chr8	133818922
chr8	133821768
chr8	133822334
chr8	133822610
chr8	133822640
chr8	133823200
chr8	133823355
chr8	133823589
chr8	133823822
chr8	133824784
chr8	133825187
chr8	133825466
chr8	133825479
chr8	133825871
chr8	133825982
chr8	133826446
chr8	133826803
chr8	133826984
chr8	133827030
chr8	133828998
chr8	133829793
chr8	133831728
chr8	133832203
chr8	133832316
chr8	133833582
chr8	133834601
chr8	133834661
chr8	133835276
chr8	133835737
chr8	133837077
chr8	133838227
chr8	133839082
chr8	133840605
chr8	133841743
chr8	133842314
chr8	133842390
chr8	133843458
chr8	133843994
chr8	133846980
chr8	133847429
chr8	133847771
chr8	133847951
chr8	133848051
chr8	133848170
chr8	133849954
chr8	133851085
chr8	133852916
chr8	133856508
chr8	133858703
chr8	133861985
chr8	133864867
chr8	133867936
chr8	133867944
chr8	133869296
chr8	133871694
chr8	133873698
chr8	133874474
chr8	133877316
chr8	133880244
chr8	133883877
chr8	133885593
chr8	133886062
chr8	133891315
chr8	133891495
chr8	133891832
chr8	133915319
chr8	133919183
chr8	133920357
chr8	133920899
chr8	133923691
chr8	133923992
chr8	133927714
chr8	133937110
chr8	133937240
chr8	133937308
chr8	133943534
chr8	133943734
chr8	133943996
chr8	133947997
chr8	133948058
chr8	133948383
chr8	133948551
chr8	133949956
chr9	85476044
chr9	85476438
chr9	85477583
chr9	85480716
chr9	85482124
chr9	85483254
chr9	85484160
chr9	85486175
chr9	85488101
chr9	85489316
chr9	85490784
chr9	85491670
chr9	85492442
chr9	85492918
chr9	85492926
chr9	85493987
chr9	85494323
chr9	85494496
chr9	85497415
chr9	85497529
chr9	85498909
chr9	85500429
chr9	85502774
chr9	85503966
chr9	85504035
chr9	85505137
chr9	85506349
chr9	85508150
chr9	85508678
chr9	85509030
chr9	85509081
chr9	85509438
chr9	85512494
chr9	85515011
chr9	85515645
chr9	93722689
chr9	93724720
chr9	93725068
chr9	93726293
chr9	93726498
chr9	93727952
chr9	93727967
chr9	93729029
chr9	93730854
chr9	93731599
chr9	93732079
chr9	93733633
chr9	93735210
chr9	93735267
chr9	93737239
chr9	93741172
chr9	93741286
chr9	93744139
chr9	93745149
chr9	93746443
chr9	93746508
chr9	93747754
chr9	93747888
chr9	93748202
chr9	93748367
chr9	93748370
chr9	93748504
chr9	93749045
chr9	93749287
chr9	93751599
chr9	93752325
chr9	93752344
chr9	93752358
chr9	93752929
chr9	93753233
chr9	93754060
chr9	93755987
chr9	93756720
chr9	93757328
chr9	93758037
chr9	93759075
chr9	93760493
chr9	93760712
chr9	93762609
chr9	93763076
chr9	93764976
chr9	93765299
chr9	93766127
chr9	93766171
chr9	93767218
chr9	93767397
chr9	93767661
chr9	93767877
chr9	93769425
chr9	93770332
chr9	93770791
chr9	93771154
chr9	93771590
chr9	93772010
chr9	93772705
chr9	93774109
chr9	93774145
chr9	93774918
chr9	93775599
chr9	93776582
chr9	93777957
chr9	93778103
chr9	93778490
chr9	93778594
chr9	93778664
chr9	93779086
chr9	93779235
chr9	93779483
chr9	93779550
chr9	93782066
chr9	93784377
chr9	93786100
chr9	93787096
chr9	93788006
chr9	93788566
chr9	93792566
chr9	93796428
chr9	93801110
chr9	93806660
chr9	93809327
chr9	93812269
chr9	93812783
chr9	93813115
chr9	93814458
chr9	93815203
chr9	93817251
chr9	93821361
chr9	93821688
chr9	93823198
chr9	93824520
chr9	93826458
chr9	93826897
chr9	93827235
chr9	93827524
chr9	93827710
chr9	93827875
chr9	93830005
chr9	93830780
chr9	93831920
chr9	93832074
chr9	93838019
chr9	93839521
chr9	93839809
chr9	93840827
chr9	93841219
chr9	93844104
chr9	93844877
chr9	93845307
chr9	93845901
chr9	93846000
chr9	93847038
chr9	93848150
chr9	93849180
chr9	93850015
chr9	93850080
chr9	93852590
chr9	93853166
chr9	93853680
chr9	93855329
chr9	93855418
chr9	93856145
chr9	93856611
chr9	93858213
chr9	93858689
chr9	93859428
chr9	93859893
chr9	93860823
chr9	93863278
chr9	93867279
chr9	93867864
chr9	93867966
