chr_st_end	CHROM	POS
chr10.131130857.131157433	chr10	131130857
chr10.131130857.131157433	chr10	131131074
chr10.131130857.131157433	chr10	131135570
chr10.131130857.131157433	chr10	131139926
chr10.131130857.131157433	chr10	131142280
chr10.131130857.131157433	chr10	131143935
chr10.131130857.131157433	chr10	131143986
chr10.131130857.131157433	chr10	131144463
chr10.131130857.131157433	chr10	131145226
chr10.131130857.131157433	chr10	131145446
chr10.131130857.131157433	chr10	131150216
chr10.131130857.131157433	chr10	131153628
chr10.131130857.131157433	chr10	131155406
chr10.131130857.131157433	chr10	131155928
chr10.131130857.131157433	chr10	131156376
chr10.131130857.131157433	chr10	131157433
chr10.131144379.131163260	chr10	131144379
chr10.131144379.131163260	chr10	131148951
chr10.131144379.131163260	chr10	131149637
chr10.131144379.131163260	chr10	131150193
chr10.131144379.131163260	chr10	131152751
chr10.131144379.131163260	chr10	131153425
chr10.131144379.131163260	chr10	131153562
chr10.131144379.131163260	chr10	131153633
chr10.131144379.131163260	chr10	131153670
chr10.131144379.131163260	chr10	131153711
chr10.131144379.131163260	chr10	131153845
chr10.131144379.131163260	chr10	131154742
chr10.131144379.131163260	chr10	131154882
chr10.131144379.131163260	chr10	131155363
chr10.131144379.131163260	chr10	131155582
chr10.131144379.131163260	chr10	131155583
chr10.131144379.131163260	chr10	131155671
chr10.131144379.131163260	chr10	131156125
chr10.131144379.131163260	chr10	131156490
chr10.131144379.131163260	chr10	131157057
chr10.131144379.131163260	chr10	131157081
chr10.131144379.131163260	chr10	131157603
chr10.131144379.131163260	chr10	131157604
chr10.131144379.131163260	chr10	131157618
chr10.131144379.131163260	chr10	131158844
chr10.131144379.131163260	chr10	131159149
chr10.131144379.131163260	chr10	131159449
chr10.131144379.131163260	chr10	131160653
chr10.131144379.131163260	chr10	131160756
chr10.131144379.131163260	chr10	131160889
chr10.131144379.131163260	chr10	131162794
chr10.131144379.131163260	chr10	131163260
chr10.131144379.131163260	chr10	131148793
chr10.131144379.131163260	chr10	131154861
chr10.131169695.131180697	chr10	131169695
chr10.131169695.131180697	chr10	131172648
chr10.131169695.131180697	chr10	131178221
chr10.131169695.131180697	chr10	131180449
chr10.131169695.131180697	chr10	131180697
chr10.131186113.131201016	chr10	131186113
chr10.131186113.131201016	chr10	131187102
chr10.131186113.131201016	chr10	131189813
chr10.131186113.131201016	chr10	131191506
chr10.131186113.131201016	chr10	131191724
chr10.131186113.131201016	chr10	131192596
chr10.131186113.131201016	chr10	131195850
chr10.131186113.131201016	chr10	131196888
chr10.131186113.131201016	chr10	131198883
chr10.131186113.131201016	chr10	131201016
chr10.131212123.131221913	chr10	131212123
chr10.131212123.131221913	chr10	131212642
chr10.131212123.131221913	chr10	131212689
chr10.131212123.131221913	chr10	131216593
chr10.131212123.131221913	chr10	131216916
chr10.131212123.131221913	chr10	131218275
chr10.131212123.131221913	chr10	131221155
chr10.131212123.131221913	chr10	131221258
chr10.131212123.131221913	chr10	131221913
chr12.10003738.10011615	chr12	10003738
chr12.10003738.10011615	chr12	10005346
chr12.10003738.10011615	chr12	10006384
chr12.10003738.10011615	chr12	10009974
chr12.10003738.10011615	chr12	10011615
chr12.103811322.103832428	chr12	103811322
chr12.103811322.103832428	chr12	103812314
chr12.103811322.103832428	chr12	103813636
chr12.103811322.103832428	chr12	103814086
chr12.103811322.103832428	chr12	103814092
chr12.103811322.103832428	chr12	103816290
chr12.103811322.103832428	chr12	103817500
chr12.103811322.103832428	chr12	103817713
chr12.103811322.103832428	chr12	103820078
chr12.103811322.103832428	chr12	103821244
chr12.103811322.103832428	chr12	103821530
chr12.103811322.103832428	chr12	103823418
chr12.103811322.103832428	chr12	103823525
chr12.103811322.103832428	chr12	103823822
chr12.103811322.103832428	chr12	103824359
chr12.103811322.103832428	chr12	103825060
chr12.103811322.103832428	chr12	103825295
chr12.103811322.103832428	chr12	103825772
chr12.103811322.103832428	chr12	103826479
chr12.103811322.103832428	chr12	103826906
chr12.103811322.103832428	chr12	103828433
chr12.103811322.103832428	chr12	103832360
chr12.103811322.103832428	chr12	103832428
chr12.103814115.103837473	chr12	103814115
chr12.103814115.103837473	chr12	103814412
chr12.103814115.103837473	chr12	103817631
chr12.103814115.103837473	chr12	103819494
chr12.103814115.103837473	chr12	103824194
chr12.103814115.103837473	chr12	103825931
chr12.103814115.103837473	chr12	103827407
chr12.103814115.103837473	chr12	103827796
chr12.103814115.103837473	chr12	103827850
chr12.103814115.103837473	chr12	103836856
chr12.103814115.103837473	chr12	103836857
chr12.103814115.103837473	chr12	103837473
chr12.103815130.103826859	chr12	103815130
chr12.103815130.103826859	chr12	103826859
chr12.103838495.103973037	chr12	103838495
chr12.103838495.103973037	chr12	103841522
chr12.103838495.103973037	chr12	103845216
chr12.103838495.103973037	chr12	103857645
chr12.103838495.103973037	chr12	103865566
chr12.103838495.103973037	chr12	103889635
chr12.103838495.103973037	chr12	103917889
chr12.103838495.103973037	chr12	103928524
chr12.103838495.103973037	chr12	103973037
chr12.103839272.104061448	chr12	103839272
chr12.103839272.104061448	chr12	103843392
chr12.103839272.104061448	chr12	103845828
chr12.103839272.104061448	chr12	103845842
chr12.103839272.104061448	chr12	103846764
chr12.103839272.104061448	chr12	103847975
chr12.103839272.104061448	chr12	103848201
chr12.103839272.104061448	chr12	103848370
chr12.103839272.104061448	chr12	103848834
chr12.103839272.104061448	chr12	103848911
chr12.103839272.104061448	chr12	103849235
chr12.103839272.104061448	chr12	103850042
chr12.103839272.104061448	chr12	103852278
chr12.103839272.104061448	chr12	103852961
chr12.103839272.104061448	chr12	103853045
chr12.103839272.104061448	chr12	103854482
chr12.103839272.104061448	chr12	103855640
chr12.103839272.104061448	chr12	103855737
chr12.103839272.104061448	chr12	103855903
chr12.103839272.104061448	chr12	103857344
chr12.103839272.104061448	chr12	103857791
chr12.103839272.104061448	chr12	103864992
chr12.103839272.104061448	chr12	103866282
chr12.103839272.104061448	chr12	103868701
chr12.103839272.104061448	chr12	103872101
chr12.103839272.104061448	chr12	103899439
chr12.103839272.104061448	chr12	103903509
chr12.103839272.104061448	chr12	103910403
chr12.103839272.104061448	chr12	103911379
chr12.103839272.104061448	chr12	103914824
chr12.103839272.104061448	chr12	103917089
chr12.103839272.104061448	chr12	103917715
chr12.103839272.104061448	chr12	103919653
chr12.103839272.104061448	chr12	103920062
chr12.103839272.104061448	chr12	103925520
chr12.103839272.104061448	chr12	103926072
chr12.103839272.104061448	chr12	103927328
chr12.103839272.104061448	chr12	103927895
chr12.103839272.104061448	chr12	103930991
chr12.103839272.104061448	chr12	103946308
chr12.103839272.104061448	chr12	103951884
chr12.103839272.104061448	chr12	103956318
chr12.103839272.104061448	chr12	103958430
chr12.103839272.104061448	chr12	103974570
chr12.103839272.104061448	chr12	103976342
chr12.103839272.104061448	chr12	103989218
chr12.103839272.104061448	chr12	104000585
chr12.103839272.104061448	chr12	104002300
chr12.103839272.104061448	chr12	104002404
chr12.103839272.104061448	chr12	104003520
chr12.103839272.104061448	chr12	104010514
chr12.103839272.104061448	chr12	104015186
chr12.103839272.104061448	chr12	104016084
chr12.103839272.104061448	chr12	104020590
chr12.103839272.104061448	chr12	104026961
chr12.103839272.104061448	chr12	104027394
chr12.103839272.104061448	chr12	104030324
chr12.103839272.104061448	chr12	104037487
chr12.103839272.104061448	chr12	104046215
chr12.103839272.104061448	chr12	104047639
chr12.103839272.104061448	chr12	104048129
chr12.103839272.104061448	chr12	104048496
chr12.103839272.104061448	chr12	104054699
chr12.103839272.104061448	chr12	104055253
chr12.103839272.104061448	chr12	104055870
chr12.103839272.104061448	chr12	104059017
chr12.103839272.104061448	chr12	104059743
chr12.103839272.104061448	chr12	104061448
chr12.103841228.104000183	chr12	103841228
chr12.103841228.104000183	chr12	103844615
chr12.103841228.104000183	chr12	103853677
chr12.103841228.104000183	chr12	103867161
chr12.103841228.104000183	chr12	103872949
chr12.103841228.104000183	chr12	103972271
chr12.103841228.104000183	chr12	103981936
chr12.103841228.104000183	chr12	104000183
chr12.103858683.104041900	chr12	103858683
chr12.103858683.104041900	chr12	103859438
chr12.103858683.104041900	chr12	103861197
chr12.103858683.104041900	chr12	103865746
chr12.103858683.104041900	chr12	103869282
chr12.103858683.104041900	chr12	103870143
chr12.103858683.104041900	chr12	103873677
chr12.103858683.104041900	chr12	103877277
chr12.103858683.104041900	chr12	103878176
chr12.103858683.104041900	chr12	103890898
chr12.103858683.104041900	chr12	103891951
chr12.103858683.104041900	chr12	103915605
chr12.103858683.104041900	chr12	103925905
chr12.103858683.104041900	chr12	103930317
chr12.103858683.104041900	chr12	103930840
chr12.103858683.104041900	chr12	103935317
chr12.103858683.104041900	chr12	103954272
chr12.103858683.104041900	chr12	104041900
chr12.103862109.103867484	chr12	103862109
chr12.103862109.103867484	chr12	103867484
chr12.103866391.103960165	chr12	103866391
chr12.103866391.103960165	chr12	103958952
chr12.103866391.103960165	chr12	103960165
chr12.103871748.103944152	chr12	103871748
chr12.103871748.103944152	chr12	103871754
chr12.103871748.103944152	chr12	103944152
chr12.103894723.103950533	chr12	103894723
chr12.103894723.103950533	chr12	103950533
chr12.103912225.104054613	chr12	103912225
chr12.103912225.104054613	chr12	103955817
chr12.103912225.104054613	chr12	103963002
chr12.103912225.104054613	chr12	104043916
chr12.103912225.104054613	chr12	104053372
chr12.103912225.104054613	chr12	104054613
chr12.103936698.104015177	chr12	103936698
chr12.103936698.104015177	chr12	103945386
chr12.103936698.104015177	chr12	103960674
chr12.103936698.104015177	chr12	103965276
chr12.103936698.104015177	chr12	104000960
chr12.103936698.104015177	chr12	104015177
chr12.103937379.103989821	chr12	103937379
chr12.103937379.103989821	chr12	103943889
chr12.103937379.103989821	chr12	103971672
chr12.103937379.103989821	chr12	103974659
chr12.103937379.103989821	chr12	103975509
chr12.103937379.103989821	chr12	103976694
chr12.103937379.103989821	chr12	103976701
chr12.103937379.103989821	chr12	103977072
chr12.103937379.103989821	chr12	103977347
chr12.103937379.103989821	chr12	103977351
chr12.103937379.103989821	chr12	103977447
chr12.103937379.103989821	chr12	103979684
chr12.103937379.103989821	chr12	103980498
chr12.103937379.103989821	chr12	103986956
chr12.103937379.103989821	chr12	103989821
chr12.103952161.104042543	chr12	103952161
chr12.103952161.104042543	chr12	104042543
chr12.103956510.103967024	chr12	103956510
chr12.103956510.103967024	chr12	103967024
chr12.103963891.104053205	chr12	103963891
chr12.103963891.104053205	chr12	104053205
chr12.104045050.104060936	chr12	104045050
chr12.104045050.104060936	chr12	104060936
chr12.120358605.120365980	chr12	120358605
chr12.120358605.120365980	chr12	120365980
chr12.120368947.120395906	chr12	120368947
chr12.120368947.120395906	chr12	120375635
chr12.120368947.120395906	chr12	120376596
chr12.120368947.120395906	chr12	120377467
chr12.120368947.120395906	chr12	120377555
chr12.120368947.120395906	chr12	120382312
chr12.120368947.120395906	chr12	120387322
chr12.120368947.120395906	chr12	120387392
chr12.120368947.120395906	chr12	120395906
chr12.58401303.58418301	chr12	58401303
chr12.58401303.58418301	chr12	58418301
chr12.58403618.58443031	chr12	58403618
chr12.58403618.58443031	chr12	58410685
chr12.58403618.58443031	chr12	58413212
chr12.58403618.58443031	chr12	58418742
chr12.58403618.58443031	chr12	58421162
chr12.58403618.58443031	chr12	58431669
chr12.58403618.58443031	chr12	58438170
chr12.58403618.58443031	chr12	58442389
chr12.58403618.58443031	chr12	58443031
chr12.58416229.58435831	chr12	58416229
chr12.58416229.58435831	chr12	58435831
chr12.58450807.58577677	chr12	58450807
chr12.58450807.58577677	chr12	58451019
chr12.58450807.58577677	chr12	58453814
chr12.58450807.58577677	chr12	58453835
chr12.58450807.58577677	chr12	58456284
chr12.58450807.58577677	chr12	58457966
chr12.58450807.58577677	chr12	58459524
chr12.58450807.58577677	chr12	58465156
chr12.58450807.58577677	chr12	58477238
chr12.58450807.58577677	chr12	58480792
chr12.58450807.58577677	chr12	58488511
chr12.58450807.58577677	chr12	58489949
chr12.58450807.58577677	chr12	58500086
chr12.58450807.58577677	chr12	58500127
chr12.58450807.58577677	chr12	58500910
chr12.58450807.58577677	chr12	58501100
chr12.58450807.58577677	chr12	58502547
chr12.58450807.58577677	chr12	58503797
chr12.58450807.58577677	chr12	58505926
chr12.58450807.58577677	chr12	58506396
chr12.58450807.58577677	chr12	58511480
chr12.58450807.58577677	chr12	58512234
chr12.58450807.58577677	chr12	58515934
chr12.58450807.58577677	chr12	58516179
chr12.58450807.58577677	chr12	58520959
chr12.58450807.58577677	chr12	58526146
chr12.58450807.58577677	chr12	58534180
chr12.58450807.58577677	chr12	58535547
chr12.58450807.58577677	chr12	58536690
chr12.58450807.58577677	chr12	58540526
chr12.58450807.58577677	chr12	58546808
chr12.58450807.58577677	chr12	58548614
chr12.58450807.58577677	chr12	58549443
chr12.58450807.58577677	chr12	58561314
chr12.58450807.58577677	chr12	58562350
chr12.58450807.58577677	chr12	58562425
chr12.58450807.58577677	chr12	58564829
chr12.58450807.58577677	chr12	58564837
chr12.58450807.58577677	chr12	58572326
chr12.58450807.58577677	chr12	58573730
chr12.58450807.58577677	chr12	58574088
chr12.58450807.58577677	chr12	58577513
chr12.58450807.58577677	chr12	58577677
chr12.58451248.58568114	chr12	58451248
chr12.58451248.58568114	chr12	58455910
chr12.58451248.58568114	chr12	58465493
chr12.58451248.58568114	chr12	58481823
chr12.58451248.58568114	chr12	58485601
chr12.58451248.58568114	chr12	58487366
chr12.58451248.58568114	chr12	58489029
chr12.58451248.58568114	chr12	58490439
chr12.58451248.58568114	chr12	58492674
chr12.58451248.58568114	chr12	58500525
chr12.58451248.58568114	chr12	58501088
chr12.58451248.58568114	chr12	58502041
chr12.58451248.58568114	chr12	58502278
chr12.58451248.58568114	chr12	58503481
chr12.58451248.58568114	chr12	58508130
chr12.58451248.58568114	chr12	58516918
chr12.58451248.58568114	chr12	58517632
chr12.58451248.58568114	chr12	58517815
chr12.58451248.58568114	chr12	58519575
chr12.58451248.58568114	chr12	58522928
chr12.58451248.58568114	chr12	58525309
chr12.58451248.58568114	chr12	58525753
chr12.58451248.58568114	chr12	58528489
chr12.58451248.58568114	chr12	58528922
chr12.58451248.58568114	chr12	58529482
chr12.58451248.58568114	chr12	58532903
chr12.58451248.58568114	chr12	58535873
chr12.58451248.58568114	chr12	58539250
chr12.58451248.58568114	chr12	58540655
chr12.58451248.58568114	chr12	58541863
chr12.58451248.58568114	chr12	58536504
chr12.58451248.58568114	chr12	58557446
chr12.58451248.58568114	chr12	58568114
chr12.58465011.58539776	chr12	58465011
chr12.58465011.58539776	chr12	58539776
chr12.58469122.58544078	chr12	58469122
chr12.58469122.58544078	chr12	58470217
chr12.58469122.58544078	chr12	58544078
chr12.58484581.58523555	chr12	58484581
chr12.58484581.58523555	chr12	58489894
chr12.58484581.58523555	chr12	58523555
chr12.58489735.58493760	chr12	58489735
chr12.58489735.58493760	chr12	58493760
chr12.58489857.58564530	chr12	58489857
chr12.58489857.58564530	chr12	58552295
chr12.58489857.58564530	chr12	58564530
chr12.58508058.58521799	chr12	58508058
chr12.58508058.58521799	chr12	58521799
chr12.58508923.58551014	chr12	58508923
chr12.58508923.58551014	chr12	58551014
chr12.58511494.58546560	chr12	58511494
chr12.58511494.58546560	chr12	58523525
chr12.58511494.58546560	chr12	58546560
chr12.58512314.58559351	chr12	58512314
chr12.58512314.58559351	chr12	58554729
chr12.58512314.58559351	chr12	58559351
chr12.58516135.58572395	chr12	58516135
chr12.58516135.58572395	chr12	58572395
chr12.58517883.58529471	chr12	58517883
chr12.58517883.58529471	chr12	58529471
chr12.58568000.58569310	chr12	58568000
chr12.58568000.58569310	chr12	58569310
chr12.58587544.58619794	chr12	58587544
chr12.58587544.58619794	chr12	58591217
chr12.58587544.58619794	chr12	58593381
chr12.58587544.58619794	chr12	58596396
chr12.58587544.58619794	chr12	58596544
chr12.58587544.58619794	chr12	58598299
chr12.58587544.58619794	chr12	58604235
chr12.58587544.58619794	chr12	58606569
chr12.58587544.58619794	chr12	58610222
chr12.58587544.58619794	chr12	58610825
chr12.58587544.58619794	chr12	58612823
chr12.58587544.58619794	chr12	58615012
chr12.58587544.58619794	chr12	58617261
chr12.58587544.58619794	chr12	58619459
chr12.58587544.58619794	chr12	58619794
chr12.6502789.6534973	chr12	6502789
chr12.6502789.6534973	chr12	6503410
chr12.6502789.6534973	chr12	6505015
chr12.6502789.6534973	chr12	6526000
chr12.6502789.6534973	chr12	6534973
chr12.6503185.6641651	chr12	6503185
chr12.6503185.6641651	chr12	6506590
chr12.6503185.6641651	chr12	6509937
chr12.6503185.6641651	chr12	6516642
chr12.6503185.6641651	chr12	6519326
chr12.6503185.6641651	chr12	6523165
chr12.6503185.6641651	chr12	6526678
chr12.6503185.6641651	chr12	6528876
chr12.6503185.6641651	chr12	6532186
chr12.6503185.6641651	chr12	6535754
chr12.6503185.6641651	chr12	6542727
chr12.6503185.6641651	chr12	6542762
chr12.6503185.6641651	chr12	6545710
chr12.6503185.6641651	chr12	6551684
chr12.6503185.6641651	chr12	6551830
chr12.6503185.6641651	chr12	6553367
chr12.6503185.6641651	chr12	6561287
chr12.6503185.6641651	chr12	6562840
chr12.6503185.6641651	chr12	6565082
chr12.6503185.6641651	chr12	6567404
chr12.6503185.6641651	chr12	6568270
chr12.6503185.6641651	chr12	6569531
chr12.6503185.6641651	chr12	6571307
chr12.6503185.6641651	chr12	6580329
chr12.6503185.6641651	chr12	6581196
chr12.6503185.6641651	chr12	6584121
chr12.6503185.6641651	chr12	6585580
chr12.6503185.6641651	chr12	6588026
chr12.6503185.6641651	chr12	6589469
chr12.6503185.6641651	chr12	6594181
chr12.6503185.6641651	chr12	6597045
chr12.6503185.6641651	chr12	6600037
chr12.6503185.6641651	chr12	6601623
chr12.6503185.6641651	chr12	6602363
chr12.6503185.6641651	chr12	6602645
chr12.6503185.6641651	chr12	6604758
chr12.6503185.6641651	chr12	6603972
chr12.6503185.6641651	chr12	6605140
chr12.6503185.6641651	chr12	6606176
chr12.6503185.6641651	chr12	6606180
chr12.6503185.6641651	chr12	6609373
chr12.6503185.6641651	chr12	6610033
chr12.6503185.6641651	chr12	6611851
chr12.6503185.6641651	chr12	6616805
chr12.6503185.6641651	chr12	6616993
chr12.6503185.6641651	chr12	6619830
chr12.6503185.6641651	chr12	6603570
chr12.6503185.6641651	chr12	6637867
chr12.6503185.6641651	chr12	6640896
chr12.6503185.6641651	chr12	6641651
chr12.6528775.6538662	chr12	6528775
chr12.6528775.6538662	chr12	6538662
chr12.6592319.6632345	chr12	6592319
chr12.6592319.6632345	chr12	6611454
chr12.6592319.6632345	chr12	6612379
chr12.6592319.6632345	chr12	6632345
chr12.9904201.10023903	chr12	9904201
chr12.9904201.10023903	chr12	9908075
chr12.9904201.10023903	chr12	9921000
chr12.9904201.10023903	chr12	9926996
chr12.9904201.10023903	chr12	9927116
chr12.9904201.10023903	chr12	9928886
chr12.9904201.10023903	chr12	9930027
chr12.9904201.10023903	chr12	9930713
chr12.9904201.10023903	chr12	9931801
chr12.9904201.10023903	chr12	9933345
chr12.9904201.10023903	chr12	9939193
chr12.9904201.10023903	chr12	9940877
chr12.9904201.10023903	chr12	9941143
chr12.9904201.10023903	chr12	9942850
chr12.9904201.10023903	chr12	9951235
chr12.9904201.10023903	chr12	10000858
chr12.9904201.10023903	chr12	9983470
chr12.9904201.10023903	chr12	9996306
chr12.9904201.10023903	chr12	10006302
chr12.9904201.10023903	chr12	9991053
chr12.9904201.10023903	chr12	10003419
chr12.9904201.10023903	chr12	10006555
chr12.9904201.10023903	chr12	10006600
chr12.9904201.10023903	chr12	10011519
chr12.9904201.10023903	chr12	10008376
chr12.9904201.10023903	chr12	10023903
chr12.9904201.10023903	chr12	10022843
chr12.9942647.10013446	chr12	9942647
chr12.9942647.10013446	chr12	10013446
chr13.104745778.104763492	chr13	104745778
chr13.104745778.104763492	chr13	104763492
chr13.104746330.104755466	chr13	104746330
chr13.104746330.104755466	chr13	104755466
chr13.104753519.104784133	chr13	104753519
chr13.104753519.104784133	chr13	104755702
chr13.104753519.104784133	chr13	104762534
chr13.104753519.104784133	chr13	104762639
chr13.104753519.104784133	chr13	104762673
chr13.104753519.104784133	chr13	104764664
chr13.104753519.104784133	chr13	104766945
chr13.104753519.104784133	chr13	104768024
chr13.104753519.104784133	chr13	104775305
chr13.104753519.104784133	chr13	104769025
chr13.104753519.104784133	chr13	104769822
chr13.104753519.104784133	chr13	104773294
chr13.104753519.104784133	chr13	104773815
chr13.104753519.104784133	chr13	104778951
chr13.104753519.104784133	chr13	104779110
chr13.104753519.104784133	chr13	104779298
chr13.104753519.104784133	chr13	104784133
chr13.104753559.104779099	chr13	104753559
chr13.104753559.104779099	chr13	104759164
chr13.104753559.104779099	chr13	104779099
chr13.104755124.104773271	chr13	104755124
chr13.104755124.104773271	chr13	104766012
chr13.104755124.104773271	chr13	104773271
chr13.104769829.104814285	chr13	104769829
chr13.104769829.104814285	chr13	104770537
chr13.104769829.104814285	chr13	104771793
chr13.104769829.104814285	chr13	104772969
chr13.104769829.104814285	chr13	104774569
chr13.104769829.104814285	chr13	104779922
chr13.104769829.104814285	chr13	104782776
chr13.104769829.104814285	chr13	104789564
chr13.104769829.104814285	chr13	104793722
chr13.104769829.104814285	chr13	104804106
chr13.104769829.104814285	chr13	104808474
chr13.104769829.104814285	chr13	104799550
chr13.104769829.104814285	chr13	104814285
chr13.104772134.104800174	chr13	104772134
chr13.104772134.104800174	chr13	104798678
chr13.104772134.104800174	chr13	104800174
chr13.104778066.104819578	chr13	104778066
chr13.104778066.104819578	chr13	104798129
chr13.104778066.104819578	chr13	104819578
chr13.104778309.104826213	chr13	104778309
chr13.104778309.104826213	chr13	104779394
chr13.104778309.104826213	chr13	104791610
chr13.104778309.104826213	chr13	104826135
chr13.104778309.104826213	chr13	104826213
chr13.104787393.104824094	chr13	104787393
chr13.104787393.104824094	chr13	104788526
chr13.104787393.104824094	chr13	104789894
chr13.104787393.104824094	chr13	104790037
chr13.104787393.104824094	chr13	104792485
chr13.104787393.104824094	chr13	104792641
chr13.104787393.104824094	chr13	104796930
chr13.104787393.104824094	chr13	104799280
chr13.104787393.104824094	chr13	104800933
chr13.104787393.104824094	chr13	104808083
chr13.104787393.104824094	chr13	104810887
chr13.104787393.104824094	chr13	104804951
chr13.104787393.104824094	chr13	104813806
chr13.104787393.104824094	chr13	104813946
chr13.104787393.104824094	chr13	104814604
chr13.104787393.104824094	chr13	104814812
chr13.104787393.104824094	chr13	104815061
chr13.104787393.104824094	chr13	104817977
chr13.104787393.104824094	chr13	104818901
chr13.104787393.104824094	chr13	104818913
chr13.104787393.104824094	chr13	104819221
chr13.104787393.104824094	chr13	104819438
chr13.104787393.104824094	chr13	104824094
chr13.104787393.104824094	chr13	104816123
chr13.104787393.104824094	chr13	104821466
chr13.104787393.104824094	chr13	104821843
chr13.104789386.104839978	chr13	104789386
chr13.104789386.104839978	chr13	104839978
chr13.104791660.104807270	chr13	104791660
chr13.104791660.104807270	chr13	104807270
chr13.104797944.104820730	chr13	104797944
chr13.104797944.104820730	chr13	104820730
chr13.104826497.104860331	chr13	104826497
chr13.104826497.104860331	chr13	104831597
chr13.104826497.104860331	chr13	104856836
chr13.104826497.104860331	chr13	104860331
chr13.104826929.104838320	chr13	104826929
chr13.104826929.104838320	chr13	104827166
chr13.104826929.104838320	chr13	104829841
chr13.104826929.104838320	chr13	104830022
chr13.104826929.104838320	chr13	104837171
chr13.104826929.104838320	chr13	104837803
chr13.104826929.104838320	chr13	104838320
chr13.104827089.104834498	chr13	104827089
chr13.104827089.104834498	chr13	104834498
chr13.104844129.104850185	chr13	104844129
chr13.104844129.104850185	chr13	104844256
chr13.104844129.104850185	chr13	104849048
chr13.104844129.104850185	chr13	104850185
chr13.104864280.104868724	chr13	104864280
chr13.104864280.104868724	chr13	104868724
chr13.104864864.104865248	chr13	104864864
chr13.104864864.104865248	chr13	104865248
chr14.60206921.60207141	chr14	60206921
chr14.60206921.60207141	chr14	60207141
chr14.60216156.60252850	chr14	60216156
chr14.60216156.60252850	chr14	60252850
chr14.60220195.60315071	chr14	60220195
chr14.60220195.60315071	chr14	60228655
chr14.60220195.60315071	chr14	60236911
chr14.60220195.60315071	chr14	60241081
chr14.60220195.60315071	chr14	60245258
chr14.60220195.60315071	chr14	60245589
chr14.60220195.60315071	chr14	60245676
chr14.60220195.60315071	chr14	60251204
chr14.60220195.60315071	chr14	60264405
chr14.60220195.60315071	chr14	60265716
chr14.60220195.60315071	chr14	60266760
chr14.60220195.60315071	chr14	60268021
chr14.60220195.60315071	chr14	60270823
chr14.60220195.60315071	chr14	60271832
chr14.60220195.60315071	chr14	60273164
chr14.60220195.60315071	chr14	60274170
chr14.60220195.60315071	chr14	60278995
chr14.60220195.60315071	chr14	60281153
chr14.60220195.60315071	chr14	60296238
chr14.60220195.60315071	chr14	60299859
chr14.60220195.60315071	chr14	60300784
chr14.60220195.60315071	chr14	60304896
chr14.60220195.60315071	chr14	60315071
chr14.60223104.60276828	chr14	60223104
chr14.60223104.60276828	chr14	60231899
chr14.60223104.60276828	chr14	60276828
chr14.60257639.60283550	chr14	60257639
chr14.60257639.60283550	chr14	60267759
chr14.60257639.60283550	chr14	60283550
chr14.60262623.60304265	chr14	60262623
chr14.60262623.60304265	chr14	60304265
chr14.60293009.60305367	chr14	60293009
chr14.60293009.60305367	chr14	60305367
chr14.92257563.92283451	chr14	92257563
chr14.92257563.92283451	chr14	92264882
chr14.92257563.92283451	chr14	92280232
chr14.92257563.92283451	chr14	92280249
chr14.92257563.92283451	chr14	92280479
chr14.92257563.92283451	chr14	92283451
chr14.92275601.92288382	chr14	92275601
chr14.92275601.92288382	chr14	92287533
chr14.92275601.92288382	chr14	92288382
chr14.92285444.92289586	chr14	92285444
chr14.92285444.92289586	chr14	92288601
chr14.92285444.92289586	chr14	92289586
chr14.92330526.92346710	chr14	92330526
chr14.92330526.92346710	chr14	92330901
chr14.92330526.92346710	chr14	92331214
chr14.92330526.92346710	chr14	92331794
chr14.92330526.92346710	chr14	92333051
chr14.92330526.92346710	chr14	92334321
chr14.92330526.92346710	chr14	92340588
chr14.92330526.92346710	chr14	92343050
chr14.92330526.92346710	chr14	92345904
chr14.92330526.92346710	chr14	92346710
chr14.92346345.92354793	chr14	92346345
chr14.92346345.92354793	chr14	92354793
chr14.92350321.92371204	chr14	92350321
chr14.92350321.92371204	chr14	92351567
chr14.92350321.92371204	chr14	92353881
chr14.92350321.92371204	chr14	92353917
chr14.92350321.92371204	chr14	92354534
chr14.92350321.92371204	chr14	92354562
chr14.92350321.92371204	chr14	92355432
chr14.92350321.92371204	chr14	92355634
chr14.92350321.92371204	chr14	92356306
chr14.92350321.92371204	chr14	92358033
chr14.92350321.92371204	chr14	92371204
chr14.92365110.92366732	chr14	92365110
chr14.92365110.92366732	chr14	92365554
chr14.92365110.92366732	chr14	92366732
chr14.92370144.92392663	chr14	92370144
chr14.92370144.92392663	chr14	92370556
chr14.92370144.92392663	chr14	92372546
chr14.92370144.92392663	chr14	92373487
chr14.92370144.92392663	chr14	92373949
chr14.92370144.92392663	chr14	92392663
chr14.92370144.92392663	chr14	92379194
chr14.92370144.92392663	chr14	92382549
chr14.92370144.92392663	chr14	92385833
chr14.92370144.92392663	chr14	92386939
chr14.92370144.92392663	chr14	92389512
chr14.92370144.92392663	chr14	92391521
chr14.92390116.92390754	chr14	92390116
chr14.92390116.92390754	chr14	92390754
chr17.54025746.54158044	chr17	54025746
chr17.54025746.54158044	chr17	54025958
chr17.54025746.54158044	chr17	54027398
chr17.54025746.54158044	chr17	54027819
chr17.54025746.54158044	chr17	54028205
chr17.54025746.54158044	chr17	54039691
chr17.54025746.54158044	chr17	54041142
chr17.54025746.54158044	chr17	54050016
chr17.54025746.54158044	chr17	54050809
chr17.54025746.54158044	chr17	54055599
chr17.54025746.54158044	chr17	54055651
chr17.54025746.54158044	chr17	54059916
chr17.54025746.54158044	chr17	54060315
chr17.54025746.54158044	chr17	54065512
chr17.54025746.54158044	chr17	54066140
chr17.54025746.54158044	chr17	54066771
chr17.54025746.54158044	chr17	54067302
chr17.54025746.54158044	chr17	54074693
chr17.54025746.54158044	chr17	54075028
chr17.54025746.54158044	chr17	54077809
chr17.54025746.54158044	chr17	54078148
chr17.54025746.54158044	chr17	54079829
chr17.54025746.54158044	chr17	54080048
chr17.54025746.54158044	chr17	54080149
chr17.54025746.54158044	chr17	54082985
chr17.54025746.54158044	chr17	54082991
chr17.54025746.54158044	chr17	54093040
chr17.54025746.54158044	chr17	54093413
chr17.54025746.54158044	chr17	54096457
chr17.54025746.54158044	chr17	54098753
chr17.54025746.54158044	chr17	54099034
chr17.54025746.54158044	chr17	54105209
chr17.54025746.54158044	chr17	54109192
chr17.54025746.54158044	chr17	54112033
chr17.54025746.54158044	chr17	54112698
chr17.54025746.54158044	chr17	54121427
chr17.54025746.54158044	chr17	54089772
chr17.54025746.54158044	chr17	54081674
chr17.54025746.54158044	chr17	54085441
chr17.54025746.54158044	chr17	54136732
chr17.54025746.54158044	chr17	54145851
chr17.54025746.54158044	chr17	54153726
chr17.54025746.54158044	chr17	54158044
chr17.54025746.54158044	chr17	54084539
chr17.54028690.54198034	chr17	54028690
chr17.54028690.54198034	chr17	54110100
chr17.54028690.54198034	chr17	54157635
chr17.54028690.54198034	chr17	54183954
chr17.54028690.54198034	chr17	54185655
chr17.54028690.54198034	chr17	54189388
chr17.54028690.54198034	chr17	54193544
chr17.54028690.54198034	chr17	54194906
chr17.54028690.54198034	chr17	54198034
chr17.54028690.54198034	chr17	54094842
chr17.54028690.54198034	chr17	54104619
chr17.54028690.54198034	chr17	54109787
chr17.54028690.54198034	chr17	54115866
chr17.54028690.54198034	chr17	54121839
chr17.54028690.54198034	chr17	54124158
chr17.54028690.54198034	chr17	54124868
chr17.54028690.54198034	chr17	54137808
chr17.54028690.54198034	chr17	54141845
chr17.54028690.54198034	chr17	54146753
chr17.54028690.54198034	chr17	54149962
chr17.54028690.54198034	chr17	54150737
chr17.54028690.54198034	chr17	54154746
chr17.54028690.54198034	chr17	54156368
chr17.54028690.54198034	chr17	54166389
chr17.54028690.54198034	chr17	54166736
chr17.54028690.54198034	chr17	54168843
chr17.54028690.54198034	chr17	54168882
chr17.54028690.54198034	chr17	54172464
chr17.54028690.54198034	chr17	54172841
chr17.54028690.54198034	chr17	54173573
chr17.54028690.54198034	chr17	54175181
chr17.54028690.54198034	chr17	54181590
chr17.54028690.54198034	chr17	54181674
chr17.54028690.54198034	chr17	54080088
chr17.54033661.54109680	chr17	54033661
chr17.54033661.54109680	chr17	54109680
chr17.54036011.54160414	chr17	54036011
chr17.54036011.54160414	chr17	54038649
chr17.54036011.54160414	chr17	54038904
chr17.54036011.54160414	chr17	54047706
chr17.54036011.54160414	chr17	54052052
chr17.54036011.54160414	chr17	54055179
chr17.54036011.54160414	chr17	54063639
chr17.54036011.54160414	chr17	54079044
chr17.54036011.54160414	chr17	54081853
chr17.54036011.54160414	chr17	54095779
chr17.54036011.54160414	chr17	54099468
chr17.54036011.54160414	chr17	54110555
chr17.54036011.54160414	chr17	54145779
chr17.54036011.54160414	chr17	54157655
chr17.54036011.54160414	chr17	54160414
chr17.54036031.54101815	chr17	54036031
chr17.54036031.54101815	chr17	54097704
chr17.54036031.54101815	chr17	54101815
chr17.54044072.54170007	chr17	54044072
chr17.54044072.54170007	chr17	54092671
chr17.54044072.54170007	chr17	54170007
chr17.54057904.54180888	chr17	54057904
chr17.54057904.54180888	chr17	54094924
chr17.54057904.54180888	chr17	54142202
chr17.54057904.54180888	chr17	54180888
chr17.54077213.54102840	chr17	54077213
chr17.54077213.54102840	chr17	54102840
chr17.54082374.54113186	chr17	54082374
chr17.54082374.54113186	chr17	54113186
chr17.54170296.54186800	chr17	54170296
chr17.54170296.54186800	chr17	54186800
chr18.4078352.4103855	chr18	4078352
chr18.4078352.4103855	chr18	4078406
chr18.4078352.4103855	chr18	4085507
chr18.4078352.4103855	chr18	4087869
chr18.4078352.4103855	chr18	4087896
chr18.4078352.4103855	chr18	4093706
chr18.4078352.4103855	chr18	4094361
chr18.4078352.4103855	chr18	4095494
chr18.4078352.4103855	chr18	4095548
chr18.4078352.4103855	chr18	4095688
chr18.4078352.4103855	chr18	4097405
chr18.4078352.4103855	chr18	4101958
chr18.4078352.4103855	chr18	4096773
chr18.4078352.4103855	chr18	4103855
chr18.4078793.4250837	chr18	4078793
chr18.4078793.4250837	chr18	4149163
chr18.4078793.4250837	chr18	4224268
chr18.4078793.4250837	chr18	4248458
chr18.4078793.4250837	chr18	4248739
chr18.4078793.4250837	chr18	4250837
chr18.4080788.4085046	chr18	4080788
chr18.4080788.4085046	chr18	4085046
chr18.4082836.4100998	chr18	4082836
chr18.4082836.4100998	chr18	4100998
chr18.4084690.4087886	chr18	4084690
chr18.4084690.4087886	chr18	4087886
chr18.4087184.4118035	chr18	4087184
chr18.4087184.4118035	chr18	4108208
chr18.4087184.4118035	chr18	4118035
chr18.4098586.4118871	chr18	4098586
chr18.4098586.4118871	chr18	4098739
chr18.4098586.4118871	chr18	4099250
chr18.4098586.4118871	chr18	4102848
chr18.4098586.4118871	chr18	4103847
chr18.4098586.4118871	chr18	4115089
chr18.4098586.4118871	chr18	4115382
chr18.4098586.4118871	chr18	4113043
chr18.4098586.4118871	chr18	4118871
chr18.4101271.4233930	chr18	4101271
chr18.4101271.4233930	chr18	4149610
chr18.4101271.4233930	chr18	4206594
chr18.4101271.4233930	chr18	4233930
chr18.4104474.4166561	chr18	4104474
chr18.4104474.4166561	chr18	4130679
chr18.4104474.4166561	chr18	4130753
chr18.4104474.4166561	chr18	4163823
chr18.4104474.4166561	chr18	4166561
chr18.4106637.4167677	chr18	4106637
chr18.4106637.4167677	chr18	4133719
chr18.4106637.4167677	chr18	4167677
chr18.4108396.4195291	chr18	4108396
chr18.4108396.4195291	chr18	4108414
chr18.4108396.4195291	chr18	4152652
chr18.4108396.4195291	chr18	4195291
chr18.4110417.4171158	chr18	4110417
chr18.4110417.4171158	chr18	4171158
chr18.4112321.4116629	chr18	4112321
chr18.4112321.4116629	chr18	4112848
chr18.4112321.4116629	chr18	4112975
chr18.4112321.4116629	chr18	4113085
chr18.4112321.4116629	chr18	4113788
chr18.4112321.4116629	chr18	4114748
chr18.4112321.4116629	chr18	4114816
chr18.4112321.4116629	chr18	4116629
chr18.4117246.4190429	chr18	4117246
chr18.4117246.4190429	chr18	4122770
chr18.4117246.4190429	chr18	4138265
chr18.4117246.4190429	chr18	4190429
chr18.4127389.4130621	chr18	4127389
chr18.4127389.4130621	chr18	4128242
chr18.4127389.4130621	chr18	4128765
chr18.4127389.4130621	chr18	4130621
chr18.4133724.4161247	chr18	4133724
chr18.4133724.4161247	chr18	4161247
chr18.4136427.4203633	chr18	4136427
chr18.4136427.4203633	chr18	4139325
chr18.4136427.4203633	chr18	4140989
chr18.4136427.4203633	chr18	4144701
chr18.4136427.4203633	chr18	4148655
chr18.4136427.4203633	chr18	4152199
chr18.4136427.4203633	chr18	4154987
chr18.4136427.4203633	chr18	4160899
chr18.4136427.4203633	chr18	4165793
chr18.4136427.4203633	chr18	4171917
chr18.4136427.4203633	chr18	4172216
chr18.4136427.4203633	chr18	4172311
chr18.4136427.4203633	chr18	4172465
chr18.4136427.4203633	chr18	4173298
chr18.4136427.4203633	chr18	4173350
chr18.4136427.4203633	chr18	4176818
chr18.4136427.4203633	chr18	4177532
chr18.4136427.4203633	chr18	4180103
chr18.4136427.4203633	chr18	4180840
chr18.4136427.4203633	chr18	4182613
chr18.4136427.4203633	chr18	4184221
chr18.4136427.4203633	chr18	4162760
chr18.4136427.4203633	chr18	4168986
chr18.4136427.4203633	chr18	4170155
chr18.4136427.4203633	chr18	4181004
chr18.4136427.4203633	chr18	4181900
chr18.4136427.4203633	chr18	4190206
chr18.4136427.4203633	chr18	4192648
chr18.4136427.4203633	chr18	4198529
chr18.4136427.4203633	chr18	4198873
chr18.4136427.4203633	chr18	4203505
chr18.4136427.4203633	chr18	4203633
chr18.4136550.4159425	chr18	4136550
chr18.4136550.4159425	chr18	4159425
chr18.4137382.4190403	chr18	4137382
chr18.4137382.4190403	chr18	4144128
chr18.4137382.4190403	chr18	4145396
chr18.4137382.4190403	chr18	4145495
chr18.4137382.4190403	chr18	4145841
chr18.4137382.4190403	chr18	4145962
chr18.4137382.4190403	chr18	4147012
chr18.4137382.4190403	chr18	4152928
chr18.4137382.4190403	chr18	4157510
chr18.4137382.4190403	chr18	4186450
chr18.4137382.4190403	chr18	4187499
chr18.4137382.4190403	chr18	4167883
chr18.4137382.4190403	chr18	4176461
chr18.4137382.4190403	chr18	4190403
chr18.4139462.4174019	chr18	4139462
chr18.4139462.4174019	chr18	4174019
chr18.4144732.4181176	chr18	4144732
chr18.4144732.4181176	chr18	4150793
chr18.4144732.4181176	chr18	4159398
chr18.4144732.4181176	chr18	4166273
chr18.4144732.4181176	chr18	4166606
chr18.4144732.4181176	chr18	4181176
chr18.4158819.4219407	chr18	4158819
chr18.4158819.4219407	chr18	4194720
chr18.4158819.4219407	chr18	4218420
chr18.4158819.4219407	chr18	4219407
chr18.4163656.4172748	chr18	4163656
chr18.4163656.4172748	chr18	4172748
chr18.4168877.4187595	chr18	4168877
chr18.4168877.4187595	chr18	4187595
chr18.4170750.4188015	chr18	4170750
chr18.4170750.4188015	chr18	4188015
chr18.4181875.4231630	chr18	4181875
chr18.4181875.4231630	chr18	4231630
chr18.4183026.4234843	chr18	4183026
chr18.4183026.4234843	chr18	4183027
chr18.4183026.4234843	chr18	4221399
chr18.4183026.4234843	chr18	4234843
chr18.4183978.4226491	chr18	4183978
chr18.4183978.4226491	chr18	4226491
chr18.4186970.4226247	chr18	4186970
chr18.4186970.4226247	chr18	4226247
chr18.4190814.4239686	chr18	4190814
chr18.4190814.4239686	chr18	4196418
chr18.4190814.4239686	chr18	4239686
chr18.4190814.4239686	chr18	4204829
chr18.4190814.4239686	chr18	4209106
chr18.4190814.4239686	chr18	4213857
chr18.4191633.4219897	chr18	4191633
chr18.4191633.4219897	chr18	4219897
chr18.4194929.4203806	chr18	4194929
chr18.4194929.4203806	chr18	4196446
chr18.4194929.4203806	chr18	4198443
chr18.4194929.4203806	chr18	4198532
chr18.4194929.4203806	chr18	4199976
chr18.4194929.4203806	chr18	4202483
chr18.4194929.4203806	chr18	4203806
chr18.4197766.4218925	chr18	4197766
chr18.4197766.4218925	chr18	4218925
chr18.4201784.4240489	chr18	4201784
chr18.4201784.4240489	chr18	4240489
chr18.4205742.4247881	chr18	4205742
chr18.4205742.4247881	chr18	4210613
chr18.4205742.4247881	chr18	4211302
chr18.4205742.4247881	chr18	4212277
chr18.4205742.4247881	chr18	4216429
chr18.4205742.4247881	chr18	4222421
chr18.4205742.4247881	chr18	4230065
chr18.4205742.4247881	chr18	4230066
chr18.4205742.4247881	chr18	4234587
chr18.4205742.4247881	chr18	4237243
chr18.4205742.4247881	chr18	4239790
chr18.4205742.4247881	chr18	4241930
chr18.4205742.4247881	chr18	4243661
chr18.4205742.4247881	chr18	4244544
chr18.4205742.4247881	chr18	4245973
chr18.4205742.4247881	chr18	4247881
chr18.4206116.4233324	chr18	4206116
chr18.4206116.4233324	chr18	4206295
chr18.4206116.4233324	chr18	4212055
chr18.4206116.4233324	chr18	4219455
chr18.4206116.4233324	chr18	4223415
chr18.4206116.4233324	chr18	4230912
chr18.4206116.4233324	chr18	4231102
chr18.4206116.4233324	chr18	4233324
chr18.4206271.4247376	chr18	4206271
chr18.4206271.4247376	chr18	4207422
chr18.4206271.4247376	chr18	4209833
chr18.4206271.4247376	chr18	4233890
chr18.4206271.4247376	chr18	4246983
chr18.4206271.4247376	chr18	4247376
chr18.4206271.4247376	chr18	4239338
chr18.4206271.4247376	chr18	4246833
chr18.4233245.4238126	chr18	4233245
chr18.4233245.4238126	chr18	4238126
chr18.4242398.4245394	chr18	4242398
chr18.4242398.4245394	chr18	4245394
chr19.11730382.11851378	chr19	11730382
chr19.11730382.11851378	chr19	11731567
chr19.11730382.11851378	chr19	11737824
chr19.11730382.11851378	chr19	11739370
chr19.11730382.11851378	chr19	11740401
chr19.11730382.11851378	chr19	11757261
chr19.11730382.11851378	chr19	11809483
chr19.11730382.11851378	chr19	11851378
chr19.11738019.11926829	chr19	11738019
chr19.11738019.11926829	chr19	11745667
chr19.11738019.11926829	chr19	11762647
chr19.11738019.11926829	chr19	11859083
chr19.11738019.11926829	chr19	11861831
chr19.11738019.11926829	chr19	11864610
chr19.11738019.11926829	chr19	11865082
chr19.11738019.11926829	chr19	11866757
chr19.11738019.11926829	chr19	11868490
chr19.11738019.11926829	chr19	11875108
chr19.11738019.11926829	chr19	11878658
chr19.11738019.11926829	chr19	11882166
chr19.11738019.11926829	chr19	11882399
chr19.11738019.11926829	chr19	11854992
chr19.11738019.11926829	chr19	11856989
chr19.11738019.11926829	chr19	11858038
chr19.11738019.11926829	chr19	11926829
chr19.11738019.11926829	chr19	11769187
chr19.11738019.11926829	chr19	11769638
chr19.11738019.11926829	chr19	11772358
chr19.11738019.11926829	chr19	11773875
chr19.11738019.11926829	chr19	11781738
chr19.11738019.11926829	chr19	11781913
chr19.11738019.11926829	chr19	11782992
chr19.11738019.11926829	chr19	11784091
chr19.11738019.11926829	chr19	11800380
chr19.11738019.11926829	chr19	11802000
chr19.11738019.11926829	chr19	11826209
chr19.11738019.11926829	chr19	11832737
chr19.11738019.11926829	chr19	11838633
chr19.11738019.11926829	chr19	11841496
chr19.11747326.11819444	chr19	11747326
chr19.11747326.11819444	chr19	11801151
chr19.11747326.11819444	chr19	11819444
chr19.11887941.12085466	chr19	11887941
chr19.11887941.12085466	chr19	11899383
chr19.11887941.12085466	chr19	11901096
chr19.11887941.12085466	chr19	11916786
chr19.11887941.12085466	chr19	11924977
chr19.11887941.12085466	chr19	11925053
chr19.11887941.12085466	chr19	11945132
chr19.11887941.12085466	chr19	11945849
chr19.11887941.12085466	chr19	11947881
chr19.11887941.12085466	chr19	11950456
chr19.11887941.12085466	chr19	11950457
chr19.11887941.12085466	chr19	11960160
chr19.11887941.12085466	chr19	11960313
chr19.11887941.12085466	chr19	11964974
chr19.11887941.12085466	chr19	11970902
chr19.11887941.12085466	chr19	11974470
chr19.11887941.12085466	chr19	11976780
chr19.11887941.12085466	chr19	11985493
chr19.11887941.12085466	chr19	11992147
chr19.11887941.12085466	chr19	11992190
chr19.11887941.12085466	chr19	12000386
chr19.11887941.12085466	chr19	12001641
chr19.11887941.12085466	chr19	12013560
chr19.11887941.12085466	chr19	12013810
chr19.11887941.12085466	chr19	12014001
chr19.11887941.12085466	chr19	12018843
chr19.11887941.12085466	chr19	12020544
chr19.11887941.12085466	chr19	12033101
chr19.11887941.12085466	chr19	12033982
chr19.11887941.12085466	chr19	12034543
chr19.11887941.12085466	chr19	12039369
chr19.11887941.12085466	chr19	12052292
chr19.11887941.12085466	chr19	12056469
chr19.11887941.12085466	chr19	12059790
chr19.11887941.12085466	chr19	12064296
chr19.11887941.12085466	chr19	12071072
chr19.11887941.12085466	chr19	12078535
chr19.11887941.12085466	chr19	12079298
chr19.11887941.12085466	chr19	12085466
chr19.11894883.12021625	chr19	11894883
chr19.11894883.12021625	chr19	11983192
chr19.11894883.12021625	chr19	12021625
chr19.11926681.11969517	chr19	11926681
chr19.11926681.11969517	chr19	11928111
chr19.11926681.11969517	chr19	11969517
chr19.12000965.12053999	chr19	12000965
chr19.12000965.12053999	chr19	12053999
chr19.12014363.12014364	chr19	12014363
chr19.12014363.12014364	chr19	12014364
chr19.12027280.12074962	chr19	12027280
chr19.12027280.12074962	chr19	12035810
chr19.12027280.12074962	chr19	12074962
chr1.88896140.88947229	chr1	88896140
chr1.88896140.88947229	chr1	88897175
chr1.88896140.88947229	chr1	88906429
chr1.88896140.88947229	chr1	88909949
chr1.88896140.88947229	chr1	88917845
chr1.88896140.88947229	chr1	88919482
chr1.88896140.88947229	chr1	88923391
chr1.88896140.88947229	chr1	88923856
chr1.88896140.88947229	chr1	88931741
chr1.88896140.88947229	chr1	88933922
chr1.88896140.88947229	chr1	88944551
chr1.88896140.88947229	chr1	88944758
chr1.88896140.88947229	chr1	88945928
chr1.88896140.88947229	chr1	88947229
chr1.88896140.88947229	chr1	88912614
chr1.88997360.89166435	chr1	88997360
chr1.88997360.89166435	chr1	89013343
chr1.88997360.89166435	chr1	89049174
chr1.88997360.89166435	chr1	89049181
chr1.88997360.89166435	chr1	89101246
chr1.88997360.89166435	chr1	89006522
chr1.88997360.89166435	chr1	89008817
chr1.88997360.89166435	chr1	89009862
chr1.88997360.89166435	chr1	89012820
chr1.88997360.89166435	chr1	89014943
chr1.88997360.89166435	chr1	89027051
chr1.88997360.89166435	chr1	89028335
chr1.88997360.89166435	chr1	89034950
chr1.88997360.89166435	chr1	89038018
chr1.88997360.89166435	chr1	89053506
chr1.88997360.89166435	chr1	89053972
chr1.88997360.89166435	chr1	89166435
chr1.88997360.89166435	chr1	89017414
chr1.88997360.89166435	chr1	89040215
chr1.88997360.89166435	chr1	89043717
chr1.88997360.89166435	chr1	89044722
chr1.89001575.89177957	chr1	89001575
chr1.89001575.89177957	chr1	89099963
chr1.89001575.89177957	chr1	89117890
chr1.89001575.89177957	chr1	89173679
chr1.89001575.89177957	chr1	89177957
chr1.89019881.89092970	chr1	89019881
chr1.89019881.89092970	chr1	89083540
chr1.89019881.89092970	chr1	89089580
chr1.89019881.89092970	chr1	89092970
chr1.89048843.89130019	chr1	89048843
chr1.89048843.89130019	chr1	89130019
chr1.89054418.89202534	chr1	89054418
chr1.89054418.89202534	chr1	89055340
chr1.89054418.89202534	chr1	89071517
chr1.89054418.89202534	chr1	89078394
chr1.89054418.89202534	chr1	89079328
chr1.89054418.89202534	chr1	89081562
chr1.89054418.89202534	chr1	89081965
chr1.89054418.89202534	chr1	89082745
chr1.89054418.89202534	chr1	89083754
chr1.89054418.89202534	chr1	89084282
chr1.89054418.89202534	chr1	89084591
chr1.89054418.89202534	chr1	89089370
chr1.89054418.89202534	chr1	89090104
chr1.89054418.89202534	chr1	89090912
chr1.89054418.89202534	chr1	89090949
chr1.89054418.89202534	chr1	89091493
chr1.89054418.89202534	chr1	89093254
chr1.89054418.89202534	chr1	89093736
chr1.89054418.89202534	chr1	89094529
chr1.89054418.89202534	chr1	89096379
chr1.89054418.89202534	chr1	89096762
chr1.89054418.89202534	chr1	89096790
chr1.89054418.89202534	chr1	89096791
chr1.89054418.89202534	chr1	89098478
chr1.89054418.89202534	chr1	89099104
chr1.89054418.89202534	chr1	89099521
chr1.89054418.89202534	chr1	89100660
chr1.89054418.89202534	chr1	89100851
chr1.89054418.89202534	chr1	89101347
chr1.89054418.89202534	chr1	89102310
chr1.89054418.89202534	chr1	89102311
chr1.89054418.89202534	chr1	89102638
chr1.89054418.89202534	chr1	89104897
chr1.89054418.89202534	chr1	89105011
chr1.89054418.89202534	chr1	89106007
chr1.89054418.89202534	chr1	89108408
chr1.89054418.89202534	chr1	89109691
chr1.89054418.89202534	chr1	89110893
chr1.89054418.89202534	chr1	89115921
chr1.89054418.89202534	chr1	89120638
chr1.89054418.89202534	chr1	89120707
chr1.89054418.89202534	chr1	89121074
chr1.89054418.89202534	chr1	89121146
chr1.89054418.89202534	chr1	89121684
chr1.89054418.89202534	chr1	89121862
chr1.89054418.89202534	chr1	89121892
chr1.89054418.89202534	chr1	89122139
chr1.89054418.89202534	chr1	89122181
chr1.89054418.89202534	chr1	89123354
chr1.89054418.89202534	chr1	89124451
chr1.89054418.89202534	chr1	89124460
chr1.89054418.89202534	chr1	89124760
chr1.89054418.89202534	chr1	89125579
chr1.89054418.89202534	chr1	89126806
chr1.89054418.89202534	chr1	89126824
chr1.89054418.89202534	chr1	89128884
chr1.89054418.89202534	chr1	89130582
chr1.89054418.89202534	chr1	89131213
chr1.89054418.89202534	chr1	89131298
chr1.89054418.89202534	chr1	89134000
chr1.89054418.89202534	chr1	89134015
chr1.89054418.89202534	chr1	89134320
chr1.89054418.89202534	chr1	89134560
chr1.89054418.89202534	chr1	89134877
chr1.89054418.89202534	chr1	89135046
chr1.89054418.89202534	chr1	89135052
chr1.89054418.89202534	chr1	89135219
chr1.89054418.89202534	chr1	89136145
chr1.89054418.89202534	chr1	89136183
chr1.89054418.89202534	chr1	89137223
chr1.89054418.89202534	chr1	89137750
chr1.89054418.89202534	chr1	89138702
chr1.89054418.89202534	chr1	89138722
chr1.89054418.89202534	chr1	89140760
chr1.89054418.89202534	chr1	89141333
chr1.89054418.89202534	chr1	89141741
chr1.89054418.89202534	chr1	89142181
chr1.89054418.89202534	chr1	89142837
chr1.89054418.89202534	chr1	89145257
chr1.89054418.89202534	chr1	89146928
chr1.89054418.89202534	chr1	89147216
chr1.89054418.89202534	chr1	89148205
chr1.89054418.89202534	chr1	89149874
chr1.89054418.89202534	chr1	89150051
chr1.89054418.89202534	chr1	89150874
chr1.89054418.89202534	chr1	89152016
chr1.89054418.89202534	chr1	89152204
chr1.89054418.89202534	chr1	89152246
chr1.89054418.89202534	chr1	89152847
chr1.89054418.89202534	chr1	89127023
chr1.89054418.89202534	chr1	89160509
chr1.89054418.89202534	chr1	89164331
chr1.89054418.89202534	chr1	89166214
chr1.89054418.89202534	chr1	89169524
chr1.89054418.89202534	chr1	89169738
chr1.89054418.89202534	chr1	89170364
chr1.89054418.89202534	chr1	89173980
chr1.89054418.89202534	chr1	89175558
chr1.89054418.89202534	chr1	89175624
chr1.89054418.89202534	chr1	89176368
chr1.89054418.89202534	chr1	89180679
chr1.89054418.89202534	chr1	89181077
chr1.89054418.89202534	chr1	89182943
chr1.89054418.89202534	chr1	89184054
chr1.89054418.89202534	chr1	89185190
chr1.89054418.89202534	chr1	89186126
chr1.89054418.89202534	chr1	89186563
chr1.89054418.89202534	chr1	89187133
chr1.89054418.89202534	chr1	89187484
chr1.89054418.89202534	chr1	89187667
chr1.89054418.89202534	chr1	89189103
chr1.89054418.89202534	chr1	89189326
chr1.89054418.89202534	chr1	89191797
chr1.89054418.89202534	chr1	89193275
chr1.89054418.89202534	chr1	89196835
chr1.89054418.89202534	chr1	89197597
chr1.89054418.89202534	chr1	89198023
chr1.89054418.89202534	chr1	89199664
chr1.89054418.89202534	chr1	89199747
chr1.89054418.89202534	chr1	89200767
chr1.89054418.89202534	chr1	89201568
chr1.89054418.89202534	chr1	89202534
chr1.89058271.89071378	chr1	89058271
chr1.89058271.89071378	chr1	89071378
chr1.89073579.89133905	chr1	89073579
chr1.89073579.89133905	chr1	89133905
chr1.89091615.89186525	chr1	89091615
chr1.89091615.89186525	chr1	89118010
chr1.89091615.89186525	chr1	89186525
chr1.89099097.89126334	chr1	89099097
chr1.89099097.89126334	chr1	89100649
chr1.89099097.89126334	chr1	89117019
chr1.89099097.89126334	chr1	89126334
chr1.89108373.89117770	chr1	89108373
chr1.89108373.89117770	chr1	89117770
chr1.89118685.89198902	chr1	89118685
chr1.89118685.89198902	chr1	89188884
chr1.89118685.89198902	chr1	89198902
chr1.89128901.89145258	chr1	89128901
chr1.89128901.89145258	chr1	89145258
chr1.89130816.89190388	chr1	89130816
chr1.89130816.89190388	chr1	89190388
chr1.89146459.89146460	chr1	89146459
chr1.89146459.89146460	chr1	89146460
chr1.89148008.89193953	chr1	89148008
chr1.89148008.89193953	chr1	89166387
chr1.89148008.89193953	chr1	89193953
chr1.89153298.89296586	chr1	89153298
chr1.89153298.89296586	chr1	89168484
chr1.89153298.89296586	chr1	89260617
chr1.89153298.89296586	chr1	89296586
chr1.89160365.89166981	chr1	89160365
chr1.89160365.89166981	chr1	89166981
chr1.89167006.89183219	chr1	89167006
chr1.89167006.89183219	chr1	89183219
chr1.89170011.89198027	chr1	89170011
chr1.89170011.89198027	chr1	89198027
chr1.89178723.89198589	chr1	89178723
chr1.89178723.89198589	chr1	89198589
chr1.89188069.89278566	chr1	89188069
chr1.89188069.89278566	chr1	89190684
chr1.89188069.89278566	chr1	89278566
chr1.89196255.89283670	chr1	89196255
chr1.89196255.89283670	chr1	89283670
chr1.89262527.89278128	chr1	89262527
chr1.89262527.89278128	chr1	89263025
chr1.89262527.89278128	chr1	89267693
chr1.89262527.89278128	chr1	89268500
chr1.89262527.89278128	chr1	89269529
chr1.89262527.89278128	chr1	89269599
chr1.89262527.89278128	chr1	89272441
chr1.89262527.89278128	chr1	89278128
chr1.89275364.89314715	chr1	89275364
chr1.89275364.89314715	chr1	89286113
chr1.89275364.89314715	chr1	89287508
chr1.89275364.89314715	chr1	89289221
chr1.89275364.89314715	chr1	89291106
chr1.89275364.89314715	chr1	89295860
chr1.89275364.89314715	chr1	89298861
chr1.89275364.89314715	chr1	89299296
chr1.89275364.89314715	chr1	89299929
chr1.89275364.89314715	chr1	89301463
chr1.89275364.89314715	chr1	89301612
chr1.89275364.89314715	chr1	89302956
chr1.89275364.89314715	chr1	89303252
chr1.89275364.89314715	chr1	89309186
chr1.89275364.89314715	chr1	89310212
chr1.89275364.89314715	chr1	89310811
chr1.89275364.89314715	chr1	89310833
chr1.89275364.89314715	chr1	89313068
chr1.89275364.89314715	chr1	89314715
chr1.89289121.89297529	chr1	89289121
chr1.89289121.89297529	chr1	89291489
chr1.89289121.89297529	chr1	89292177
chr1.89289121.89297529	chr1	89292838
chr1.89289121.89297529	chr1	89297529
chr1.89296943.89299872	chr1	89296943
chr1.89296943.89299872	chr1	89299872
chr1.95552957.95575150	chr1	95552957
chr1.95552957.95575150	chr1	95553768
chr1.95552957.95575150	chr1	95559241
chr1.95552957.95575150	chr1	95567366
chr1.95552957.95575150	chr1	95570958
chr1.95552957.95575150	chr1	95572618
chr1.95552957.95575150	chr1	95575150
chr1.95553883.95575114	chr1	95553883
chr1.95553883.95575114	chr1	95556011
chr1.95553883.95575114	chr1	95560169
chr1.95553883.95575114	chr1	95574169
chr1.95553883.95575114	chr1	95575114
chr1.95559367.95568009	chr1	95559367
chr1.95559367.95568009	chr1	95568009
chr1.95581715.95682887	chr1	95581715
chr1.95581715.95682887	chr1	95582220
chr1.95581715.95682887	chr1	95603807
chr1.95581715.95682887	chr1	95608277
chr1.95581715.95682887	chr1	95609720
chr1.95581715.95682887	chr1	95611950
chr1.95581715.95682887	chr1	95612847
chr1.95581715.95682887	chr1	95620883
chr1.95581715.95682887	chr1	95621278
chr1.95581715.95682887	chr1	95625807
chr1.95581715.95682887	chr1	95630391
chr1.95581715.95682887	chr1	95633272
chr1.95581715.95682887	chr1	95636786
chr1.95581715.95682887	chr1	95649577
chr1.95581715.95682887	chr1	95667510
chr1.95581715.95682887	chr1	95680260
chr1.95581715.95682887	chr1	95682887
chr1.95581715.95682887	chr1	95649675
chr1.95581715.95682887	chr1	95652684
chr1.95581715.95682887	chr1	95659934
chr1.95581715.95682887	chr1	95650215
chr1.95581715.95682887	chr1	95655102
chr1.95581715.95682887	chr1	95674282
chr1.95581715.95682887	chr1	95676137
chr1.95583411.95642969	chr1	95583411
chr1.95583411.95642969	chr1	95586884
chr1.95583411.95642969	chr1	95587154
chr1.95583411.95642969	chr1	95588132
chr1.95583411.95642969	chr1	95588171
chr1.95583411.95642969	chr1	95596018
chr1.95583411.95642969	chr1	95597106
chr1.95583411.95642969	chr1	95597847
chr1.95583411.95642969	chr1	95598865
chr1.95583411.95642969	chr1	95600016
chr1.95583411.95642969	chr1	95600820
chr1.95583411.95642969	chr1	95601662
chr1.95583411.95642969	chr1	95607254
chr1.95583411.95642969	chr1	95607846
chr1.95583411.95642969	chr1	95609638
chr1.95583411.95642969	chr1	95611396
chr1.95583411.95642969	chr1	95616207
chr1.95583411.95642969	chr1	95625656
chr1.95583411.95642969	chr1	95630636
chr1.95583411.95642969	chr1	95642969
chr1.95596682.95616362	chr1	95596682
chr1.95596682.95616362	chr1	95616362
chr1.95641443.95681456	chr1	95641443
chr1.95641443.95681456	chr1	95681456
chr1.95646157.95688999	chr1	95646157
chr1.95646157.95688999	chr1	95659363
chr1.95646157.95688999	chr1	95688999
chr1.95656136.95681378	chr1	95656136
chr1.95656136.95681378	chr1	95681378
chr1.95664561.95684645	chr1	95664561
chr1.95664561.95684645	chr1	95681557
chr1.95664561.95684645	chr1	95684645
chr1.95686731.95708687	chr1	95686731
chr1.95686731.95708687	chr1	95692166
chr1.95686731.95708687	chr1	95694252
chr1.95686731.95708687	chr1	95697038
chr1.95686731.95708687	chr1	95700904
chr1.95686731.95708687	chr1	95705936
chr1.95686731.95708687	chr1	95708687
chr22.45566964.45574695	chr22	45566964
chr22.45566964.45574695	chr22	45574695
chr22.45582167.45585567	chr22	45582167
chr22.45582167.45585567	chr22	45583941
chr22.45582167.45585567	chr22	45584182
chr22.45582167.45585567	chr22	45585567
chr2.151055053.151127659	chr2	151055053
chr2.151055053.151127659	chr2	151055748
chr2.151055053.151127659	chr2	151055798
chr2.151055053.151127659	chr2	151070660
chr2.151055053.151127659	chr2	151075378
chr2.151055053.151127659	chr2	151077775
chr2.151055053.151127659	chr2	151080738
chr2.151055053.151127659	chr2	151082454
chr2.151055053.151127659	chr2	151083618
chr2.151055053.151127659	chr2	151083631
chr2.151055053.151127659	chr2	151084170
chr2.151055053.151127659	chr2	151085131
chr2.151055053.151127659	chr2	151085382
chr2.151055053.151127659	chr2	151086645
chr2.151055053.151127659	chr2	151087719
chr2.151055053.151127659	chr2	151090012
chr2.151055053.151127659	chr2	151097748
chr2.151055053.151127659	chr2	151100496
chr2.151055053.151127659	chr2	151106053
chr2.151055053.151127659	chr2	151107273
chr2.151055053.151127659	chr2	151107651
chr2.151055053.151127659	chr2	151122786
chr2.151055053.151127659	chr2	151127331
chr2.151055053.151127659	chr2	151127518
chr2.151055053.151127659	chr2	151127659
chr2.151069268.151126792	chr2	151069268
chr2.151069268.151126792	chr2	151124016
chr2.151069268.151126792	chr2	151126792
chr2.151077551.151194524	chr2	151077551
chr2.151077551.151194524	chr2	151078267
chr2.151077551.151194524	chr2	151082908
chr2.151077551.151194524	chr2	151085210
chr2.151077551.151194524	chr2	151086360
chr2.151077551.151194524	chr2	151102339
chr2.151077551.151194524	chr2	151113476
chr2.151077551.151194524	chr2	151129918
chr2.151077551.151194524	chr2	151132030
chr2.151077551.151194524	chr2	151132049
chr2.151077551.151194524	chr2	151141927
chr2.151077551.151194524	chr2	151144474
chr2.151077551.151194524	chr2	151147331
chr2.151077551.151194524	chr2	151152355
chr2.151077551.151194524	chr2	151154016
chr2.151077551.151194524	chr2	151162450
chr2.151077551.151194524	chr2	151163597
chr2.151077551.151194524	chr2	151175639
chr2.151077551.151194524	chr2	151166392
chr2.151077551.151194524	chr2	151194524
chr2.151126600.151146415	chr2	151126600
chr2.151126600.151146415	chr2	151146415
chr2.151127801.151143390	chr2	151127801
chr2.151127801.151143390	chr2	151143390
chr2.151131700.151198232	chr2	151131700
chr2.151131700.151198232	chr2	151134805
chr2.151131700.151198232	chr2	151141289
chr2.151131700.151198232	chr2	151145842
chr2.151131700.151198232	chr2	151151647
chr2.151131700.151198232	chr2	151151865
chr2.151131700.151198232	chr2	151153048
chr2.151131700.151198232	chr2	151153964
chr2.151131700.151198232	chr2	151154890
chr2.151131700.151198232	chr2	151157034
chr2.151131700.151198232	chr2	151164717
chr2.151131700.151198232	chr2	151165065
chr2.151131700.151198232	chr2	151165550
chr2.151131700.151198232	chr2	151166561
chr2.151131700.151198232	chr2	151167526
chr2.151131700.151198232	chr2	151168192
chr2.151131700.151198232	chr2	151171601
chr2.151131700.151198232	chr2	151172378
chr2.151131700.151198232	chr2	151172813
chr2.151131700.151198232	chr2	151173193
chr2.151131700.151198232	chr2	151176929
chr2.151131700.151198232	chr2	151177700
chr2.151131700.151198232	chr2	151180274
chr2.151131700.151198232	chr2	151182564
chr2.151131700.151198232	chr2	151188280
chr2.151131700.151198232	chr2	151188981
chr2.151131700.151198232	chr2	151198232
chr2.151138081.151173586	chr2	151138081
chr2.151138081.151173586	chr2	151173586
chr2.241803811.241856995	chr2	241803811
chr2.241803811.241856995	chr2	241821673
chr2.241803811.241856995	chr2	241856995
chr2.241811883.241869518	chr2	241811883
chr2.241811883.241869518	chr2	241811910
chr2.241811883.241869518	chr2	241812307
chr2.241811883.241869518	chr2	241814177
chr2.241811883.241869518	chr2	241818736
chr2.241811883.241869518	chr2	241822233
chr2.241811883.241869518	chr2	241842121
chr2.241811883.241869518	chr2	241843399
chr2.241811883.241869518	chr2	241845073
chr2.241811883.241869518	chr2	241845422
chr2.241811883.241869518	chr2	241849417
chr2.241811883.241869518	chr2	241849525
chr2.241811883.241869518	chr2	241852468
chr2.241811883.241869518	chr2	241855150
chr2.241811883.241869518	chr2	241864344
chr2.241811883.241869518	chr2	241866923
chr2.241811883.241869518	chr2	241867325
chr2.241811883.241869518	chr2	241867868
chr2.241811883.241869518	chr2	241868458
chr2.241811883.241869518	chr2	241868480
chr2.241811883.241869518	chr2	241868548
chr2.241811883.241869518	chr2	241869518
chr2.241812454.241867304	chr2	241812454
chr2.241812454.241867304	chr2	241864469
chr2.241812454.241867304	chr2	241867304
chr2.241815458.241815464	chr2	241815458
chr2.241815458.241815464	chr2	241815464
chr2.241816965.241857769	chr2	241816965
chr2.241816965.241857769	chr2	241857769
chr2.241817044.241853292	chr2	241817044
chr2.241817044.241853292	chr2	241853292
chr2.241818559.241844349	chr2	241818559
chr2.241818559.241844349	chr2	241844349
chr2.241820777.241822258	chr2	241820777
chr2.241820777.241822258	chr2	241821297
chr2.241820777.241822258	chr2	241822258
chr2.241841077.241860575	chr2	241841077
chr2.241841077.241860575	chr2	241860575
chr2.241853695.241861556	chr2	241853695
chr2.241853695.241861556	chr2	241853790
chr2.241853695.241861556	chr2	241861556
chr2.241858686.241860786	chr2	241858686
chr2.241858686.241860786	chr2	241860786
chr2.241864102.241866673	chr2	241864102
chr2.241864102.241866673	chr2	241866673
chr2.241864485.241864486	chr2	241864485
chr2.241864485.241864486	chr2	241864486
chr3.13014305.13025129	chr3	13014305
chr3.13014305.13025129	chr3	13014315
chr3.13014305.13025129	chr3	13017167
chr3.13014305.13025129	chr3	13019629
chr3.13014305.13025129	chr3	13021334
chr3.13014305.13025129	chr3	13024066
chr3.13014305.13025129	chr3	13024084
chr3.13014305.13025129	chr3	13025129
chr3.13014826.13111906	chr3	13014826
chr3.13014826.13111906	chr3	13111906
chr3.13016857.13052410	chr3	13016857
chr3.13016857.13052410	chr3	13037287
chr3.13016857.13052410	chr3	13041085
chr3.13016857.13052410	chr3	13052410
chr3.13020454.13025749	chr3	13020454
chr3.13020454.13025749	chr3	13022433
chr3.13020454.13025749	chr3	13025749
chr3.13029800.13095570	chr3	13029800
chr3.13029800.13095570	chr3	13048711
chr3.13029800.13095570	chr3	13088280
chr3.13029800.13095570	chr3	13095570
chr3.13030438.13112013	chr3	13030438
chr3.13030438.13112013	chr3	13035789
chr3.13030438.13112013	chr3	13036175
chr3.13030438.13112013	chr3	13037451
chr3.13030438.13112013	chr3	13038041
chr3.13030438.13112013	chr3	13039735
chr3.13030438.13112013	chr3	13052582
chr3.13030438.13112013	chr3	13053062
chr3.13030438.13112013	chr3	13055516
chr3.13030438.13112013	chr3	13060321
chr3.13030438.13112013	chr3	13065519
chr3.13030438.13112013	chr3	13041202
chr3.13030438.13112013	chr3	13041273
chr3.13030438.13112013	chr3	13065016
chr3.13030438.13112013	chr3	13067251
chr3.13030438.13112013	chr3	13072006
chr3.13030438.13112013	chr3	13034394
chr3.13030438.13112013	chr3	13041357
chr3.13030438.13112013	chr3	13055501
chr3.13030438.13112013	chr3	13047250
chr3.13030438.13112013	chr3	13079711
chr3.13030438.13112013	chr3	13080038
chr3.13030438.13112013	chr3	13080271
chr3.13030438.13112013	chr3	13082749
chr3.13030438.13112013	chr3	13086705
chr3.13030438.13112013	chr3	13090432
chr3.13030438.13112013	chr3	13095914
chr3.13030438.13112013	chr3	13098163
chr3.13030438.13112013	chr3	13033011
chr3.13030438.13112013	chr3	13056920
chr3.13030438.13112013	chr3	13098460
chr3.13030438.13112013	chr3	13099562
chr3.13030438.13112013	chr3	13112013
chr3.13030438.13112013	chr3	13099817
chr3.13030438.13112013	chr3	13100754
chr3.13030438.13112013	chr3	13103876
chr3.13030438.13112013	chr3	13104778
chr3.13030438.13112013	chr3	13106817
chr3.13035177.13074848	chr3	13035177
chr3.13035177.13074848	chr3	13074848
chr3.13036025.13106841	chr3	13036025
chr3.13036025.13106841	chr3	13106841
chr3.13049147.13051664	chr3	13049147
chr3.13049147.13051664	chr3	13051664
chr3.13049818.13056283	chr3	13049818
chr3.13049818.13056283	chr3	13056283
chr3.13050636.13106765	chr3	13050636
chr3.13050636.13106765	chr3	13106765
chr3.13057699.13091224	chr3	13057699
chr3.13057699.13091224	chr3	13091224
chr3.13060519.13138451	chr3	13060519
chr3.13060519.13138451	chr3	13138451
chr3.13062043.13073474	chr3	13062043
chr3.13062043.13073474	chr3	13066796
chr3.13062043.13073474	chr3	13069700
chr3.13062043.13073474	chr3	13073474
chr3.13066667.13075029	chr3	13066667
chr3.13066667.13075029	chr3	13075029
chr3.13069874.13083838	chr3	13069874
chr3.13069874.13083838	chr3	13070457
chr3.13069874.13083838	chr3	13083838
chr3.13076024.13156563	chr3	13076024
chr3.13076024.13156563	chr3	13156563
chr3.13089289.13107820	chr3	13089289
chr3.13089289.13107820	chr3	13090628
chr3.13089289.13107820	chr3	13095516
chr3.13089289.13107820	chr3	13096402
chr3.13089289.13107820	chr3	13104684
chr3.13089289.13107820	chr3	13107820
chr3.13093711.13110677	chr3	13093711
chr3.13093711.13110677	chr3	13097659
chr3.13093711.13110677	chr3	13110677
chr3.13094599.13105178	chr3	13094599
chr3.13094599.13105178	chr3	13105178
chr3.13100554.13107893	chr3	13100554
chr3.13100554.13107893	chr3	13107893
chr3.13100731.13107473	chr3	13100731
chr3.13100731.13107473	chr3	13107473
chr3.13102506.13102623	chr3	13102506
chr3.13102506.13102623	chr3	13102623
chr3.13108754.13111432	chr3	13108754
chr3.13108754.13111432	chr3	13111432
chr3.13111169.13111170	chr3	13111169
chr3.13111169.13111170	chr3	13111170
chr3.13113310.13167592	chr3	13113310
chr3.13113310.13167592	chr3	13115904
chr3.13113310.13167592	chr3	13132853
chr3.13113310.13167592	chr3	13148419
chr3.13113310.13167592	chr3	13167592
chr3.13113767.13175194	chr3	13113767
chr3.13113767.13175194	chr3	13115799
chr3.13113767.13175194	chr3	13121553
chr3.13113767.13175194	chr3	13122930
chr3.13113767.13175194	chr3	13125330
chr3.13113767.13175194	chr3	13134453
chr3.13113767.13175194	chr3	13139507
chr3.13113767.13175194	chr3	13141343
chr3.13113767.13175194	chr3	13144207
chr3.13113767.13175194	chr3	13144644
chr3.13113767.13175194	chr3	13146446
chr3.13113767.13175194	chr3	13148824
chr3.13113767.13175194	chr3	13149302
chr3.13113767.13175194	chr3	13151295
chr3.13113767.13175194	chr3	13152733
chr3.13113767.13175194	chr3	13157235
chr3.13113767.13175194	chr3	13159600
chr3.13113767.13175194	chr3	13160350
chr3.13113767.13175194	chr3	13161715
chr3.13113767.13175194	chr3	13161817
chr3.13113767.13175194	chr3	13161825
chr3.13113767.13175194	chr3	13161960
chr3.13113767.13175194	chr3	13162047
chr3.13113767.13175194	chr3	13162343
chr3.13113767.13175194	chr3	13163092
chr3.13113767.13175194	chr3	13164223
chr3.13113767.13175194	chr3	13165788
chr3.13113767.13175194	chr3	13167613
chr3.13113767.13175194	chr3	13168243
chr3.13113767.13175194	chr3	13172787
chr3.13113767.13175194	chr3	13174275
chr3.13113767.13175194	chr3	13175194
chr3.13114932.13145060	chr3	13114932
chr3.13114932.13145060	chr3	13119232
chr3.13114932.13145060	chr3	13121696
chr3.13114932.13145060	chr3	13122431
chr3.13114932.13145060	chr3	13122572
chr3.13114932.13145060	chr3	13124034
chr3.13114932.13145060	chr3	13125205
chr3.13114932.13145060	chr3	13126571
chr3.13114932.13145060	chr3	13133070
chr3.13114932.13145060	chr3	13133419
chr3.13114932.13145060	chr3	13135941
chr3.13114932.13145060	chr3	13138574
chr3.13114932.13145060	chr3	13145060
chr3.13115834.13125883	chr3	13115834
chr3.13115834.13125883	chr3	13125883
chr3.13116915.13155598	chr3	13116915
chr3.13116915.13155598	chr3	13140853
chr3.13116915.13155598	chr3	13143131
chr3.13116915.13155598	chr3	13155598
chr3.13130632.13132218	chr3	13130632
chr3.13130632.13132218	chr3	13132218
chr3.13132090.13174330	chr3	13132090
chr3.13132090.13174330	chr3	13149100
chr3.13132090.13174330	chr3	13163159
chr3.13132090.13174330	chr3	13167788
chr3.13132090.13174330	chr3	13157161
chr3.13132090.13174330	chr3	13162856
chr3.13132090.13174330	chr3	13165457
chr3.13132090.13174330	chr3	13172682
chr3.13132090.13174330	chr3	13172955
chr3.13132090.13174330	chr3	13174330
chr3.13157401.13158326	chr3	13157401
chr3.13157401.13158326	chr3	13158326
chr3.13158701.13167977	chr3	13158701
chr3.13158701.13167977	chr3	13162028
chr3.13158701.13167977	chr3	13167977
chr3.13159540.13175874	chr3	13159540
chr3.13159540.13175874	chr3	13175874
chr3.13176644.13199756	chr3	13176644
chr3.13176644.13199756	chr3	13191239
chr3.13176644.13199756	chr3	13193462
chr3.13176644.13199756	chr3	13198661
chr3.13176644.13199756	chr3	13199756
chr3.13177968.13202837	chr3	13177968
chr3.13177968.13202837	chr3	13187337
chr3.13177968.13202837	chr3	13194071
chr3.13177968.13202837	chr3	13202837
chr3.13185986.13200612	chr3	13185986
chr3.13185986.13200612	chr3	13200612
chr3.61798966.61853037	chr3	61798966
chr3.61798966.61853037	chr3	61800629
chr3.61798966.61853037	chr3	61803451
chr3.61798966.61853037	chr3	61803876
chr3.61798966.61853037	chr3	61804251
chr3.61798966.61853037	chr3	61804580
chr3.61798966.61853037	chr3	61804969
chr3.61798966.61853037	chr3	61805275
chr3.61798966.61853037	chr3	61806019
chr3.61798966.61853037	chr3	61807083
chr3.61798966.61853037	chr3	61807117
chr3.61798966.61853037	chr3	61807507
chr3.61798966.61853037	chr3	61809752
chr3.61798966.61853037	chr3	61822072
chr3.61798966.61853037	chr3	61824819
chr3.61798966.61853037	chr3	61830510
chr3.61798966.61853037	chr3	61830542
chr3.61798966.61853037	chr3	61830941
chr3.61798966.61853037	chr3	61834528
chr3.61798966.61853037	chr3	61835151
chr3.61798966.61853037	chr3	61842515
chr3.61798966.61853037	chr3	61848974
chr3.61798966.61853037	chr3	61849517
chr3.61798966.61853037	chr3	61849533
chr3.61798966.61853037	chr3	61852522
chr3.61798966.61853037	chr3	61853037
chr3.61807875.61851124	chr3	61807875
chr3.61807875.61851124	chr3	61851124
chr3.61809963.61826192	chr3	61809963
chr3.61809963.61826192	chr3	61826192
chr3.61977558.61985199	chr3	61977558
chr3.61977558.61985199	chr3	61977624
chr3.61977558.61985199	chr3	61977799
chr3.61977558.61985199	chr3	61978373
chr3.61977558.61985199	chr3	61980732
chr3.61977558.61985199	chr3	61983846
chr3.61977558.61985199	chr3	61984633
chr3.61977558.61985199	chr3	61985199
chr4.110198085.110207227	chr4	110198085
chr4.110198085.110207227	chr4	110198087
chr4.110198085.110207227	chr4	110207227
chr4.110212771.110221188	chr4	110212771
chr4.110212771.110221188	chr4	110212797
chr4.110212771.110221188	chr4	110215735
chr4.110212771.110221188	chr4	110216815
chr4.110212771.110221188	chr4	110221188
chr4.110228937.110299680	chr4	110228937
chr4.110228937.110299680	chr4	110259959
chr4.110228937.110299680	chr4	110289293
chr4.110228937.110299680	chr4	110299680
chr4.110232325.110334098	chr4	110232325
chr4.110232325.110334098	chr4	110232984
chr4.110232325.110334098	chr4	110234460
chr4.110232325.110334098	chr4	110234738
chr4.110232325.110334098	chr4	110237369
chr4.110232325.110334098	chr4	110241114
chr4.110232325.110334098	chr4	110263583
chr4.110232325.110334098	chr4	110263872
chr4.110232325.110334098	chr4	110264462
chr4.110232325.110334098	chr4	110265529
chr4.110232325.110334098	chr4	110265547
chr4.110232325.110334098	chr4	110275885
chr4.110232325.110334098	chr4	110296751
chr4.110232325.110334098	chr4	110299092
chr4.110232325.110334098	chr4	110299842
chr4.110232325.110334098	chr4	110301525
chr4.110232325.110334098	chr4	110306039
chr4.110232325.110334098	chr4	110287847
chr4.110232325.110334098	chr4	110288746
chr4.110232325.110334098	chr4	110291049
chr4.110232325.110334098	chr4	110313035
chr4.110232325.110334098	chr4	110314198
chr4.110232325.110334098	chr4	110314963
chr4.110232325.110334098	chr4	110318161
chr4.110232325.110334098	chr4	110320193
chr4.110232325.110334098	chr4	110331458
chr4.110232325.110334098	chr4	110333466
chr4.110232325.110334098	chr4	110334098
chr4.110237493.110256303	chr4	110237493
chr4.110237493.110256303	chr4	110256303
chr4.110242349.110306344	chr4	110242349
chr4.110242349.110306344	chr4	110306344
chr4.110255007.110268080	chr4	110255007
chr4.110255007.110268080	chr4	110268080
chr4.110261908.110294306	chr4	110261908
chr4.110261908.110294306	chr4	110294306
chr4.110277380.110309136	chr4	110277380
chr4.110277380.110309136	chr4	110309136
chr4.110302652.110310341	chr4	110302652
chr4.110302652.110310341	chr4	110310341
chr4.110307222.110332435	chr4	110307222
chr4.110307222.110332435	chr4	110332435
chr4.110310181.110313111	chr4	110310181
chr4.110310181.110313111	chr4	110313111
chr4.110335087.110335453	chr4	110335087
chr4.110335087.110335453	chr4	110335453
chr4.110335778.110336700	chr4	110335778
chr4.110335778.110336700	chr4	110336380
chr4.110335778.110336700	chr4	110336700
chr4.110336936.110340416	chr4	110336936
chr4.110336936.110340416	chr4	110340416
chr4.110337143.110372597	chr4	110337143
chr4.110337143.110372597	chr4	110345129
chr4.110337143.110372597	chr4	110346746
chr4.110337143.110372597	chr4	110353670
chr4.110337143.110372597	chr4	110354520
chr4.110337143.110372597	chr4	110355543
chr4.110337143.110372597	chr4	110357254
chr4.110337143.110372597	chr4	110359289
chr4.110337143.110372597	chr4	110363373
chr4.110337143.110372597	chr4	110363610
chr4.110337143.110372597	chr4	110364454
chr4.110337143.110372597	chr4	110366542
chr4.110337143.110372597	chr4	110367532
chr4.110337143.110372597	chr4	110367863
chr4.110337143.110372597	chr4	110369196
chr4.110337143.110372597	chr4	110371034
chr4.110337143.110372597	chr4	110372597
chr4.110338418.110345922	chr4	110338418
chr4.110338418.110345922	chr4	110345922
chr4.110340144.110365180	chr4	110340144
chr4.110340144.110365180	chr4	110365180
chr4.110362347.110370749	chr4	110362347
chr4.110362347.110370749	chr4	110362995
chr4.110362347.110370749	chr4	110370749
chr4.152706646.152734987	chr4	152706646
chr4.152706646.152734987	chr4	152708591
chr4.152706646.152734987	chr4	152713510
chr4.152706646.152734987	chr4	152722018
chr4.152706646.152734987	chr4	152727579
chr4.152706646.152734987	chr4	152729989
chr4.152706646.152734987	chr4	152733146
chr4.152706646.152734987	chr4	152724875
chr4.152706646.152734987	chr4	152734703
chr4.152706646.152734987	chr4	152734987
chr4.152713033.152762594	chr4	152713033
chr4.152713033.152762594	chr4	152762594
chr4.152735625.152735968	chr4	152735625
chr4.152735625.152735968	chr4	152735968
chr4.152738514.152779316	chr4	152738514
chr4.152738514.152779316	chr4	152740838
chr4.152738514.152779316	chr4	152753918
chr4.152738514.152779316	chr4	152756310
chr4.152738514.152779316	chr4	152758176
chr4.152738514.152779316	chr4	152761467
chr4.152738514.152779316	chr4	152762045
chr4.152738514.152779316	chr4	152763476
chr4.152738514.152779316	chr4	152766524
chr4.152738514.152779316	chr4	152773275
chr4.152738514.152779316	chr4	152774684
chr4.152738514.152779316	chr4	152774685
chr4.152738514.152779316	chr4	152779316
chr4.152755768.152756443	chr4	152755768
chr4.152755768.152756443	chr4	152756443
chr4.82755644.83083169	chr4	82755644
chr4.82755644.83083169	chr4	82758887
chr4.82755644.83083169	chr4	82775458
chr4.82755644.83083169	chr4	82777091
chr4.82755644.83083169	chr4	82778802
chr4.82755644.83083169	chr4	82779840
chr4.82755644.83083169	chr4	82781559
chr4.82755644.83083169	chr4	82784506
chr4.82755644.83083169	chr4	82786207
chr4.82755644.83083169	chr4	82782320
chr4.82755644.83083169	chr4	82789038
chr4.82755644.83083169	chr4	82792272
chr4.82755644.83083169	chr4	82792906
chr4.82755644.83083169	chr4	82816546
chr4.82755644.83083169	chr4	82834397
chr4.82755644.83083169	chr4	82794618
chr4.82755644.83083169	chr4	82798633
chr4.82755644.83083169	chr4	82798966
chr4.82755644.83083169	chr4	82799342
chr4.82755644.83083169	chr4	82800674
chr4.82755644.83083169	chr4	82803455
chr4.82755644.83083169	chr4	82807533
chr4.82755644.83083169	chr4	82813900
chr4.82755644.83083169	chr4	82840500
chr4.82755644.83083169	chr4	82847180
chr4.82755644.83083169	chr4	82855359
chr4.82755644.83083169	chr4	82870199
chr4.82755644.83083169	chr4	82870552
chr4.82755644.83083169	chr4	82873863
chr4.82755644.83083169	chr4	82876461
chr4.82755644.83083169	chr4	82879002
chr4.82755644.83083169	chr4	82886811
chr4.82755644.83083169	chr4	82888087
chr4.82755644.83083169	chr4	82909701
chr4.82755644.83083169	chr4	82913569
chr4.82755644.83083169	chr4	82934133
chr4.82755644.83083169	chr4	82941173
chr4.82755644.83083169	chr4	82913290
chr4.82755644.83083169	chr4	82949158
chr4.82755644.83083169	chr4	82950330
chr4.82755644.83083169	chr4	82951008
chr4.82755644.83083169	chr4	82952227
chr4.82755644.83083169	chr4	82959691
chr4.82755644.83083169	chr4	82960155
chr4.82755644.83083169	chr4	82962687
chr4.82755644.83083169	chr4	82968878
chr4.82755644.83083169	chr4	82969470
chr4.82755644.83083169	chr4	82970995
chr4.82755644.83083169	chr4	82934538
chr4.82755644.83083169	chr4	82959338
chr4.82755644.83083169	chr4	82960129
chr4.82755644.83083169	chr4	82976995
chr4.82755644.83083169	chr4	82977103
chr4.82755644.83083169	chr4	82982934
chr4.82755644.83083169	chr4	82985245
chr4.82755644.83083169	chr4	82985419
chr4.82755644.83083169	chr4	82986414
chr4.82755644.83083169	chr4	82919112
chr4.82755644.83083169	chr4	82938330
chr4.82755644.83083169	chr4	82956105
chr4.82755644.83083169	chr4	82966963
chr4.82755644.83083169	chr4	82981623
chr4.82755644.83083169	chr4	83003310
chr4.82755644.83083169	chr4	83008749
chr4.82755644.83083169	chr4	83009111
chr4.82755644.83083169	chr4	83011207
chr4.82755644.83083169	chr4	83012248
chr4.82755644.83083169	chr4	83013424
chr4.82755644.83083169	chr4	83027526
chr4.82755644.83083169	chr4	83028997
chr4.82755644.83083169	chr4	83039315
chr4.82755644.83083169	chr4	83047581
chr4.82755644.83083169	chr4	83049007
chr4.82755644.83083169	chr4	83061112
chr4.82755644.83083169	chr4	83063146
chr4.82755644.83083169	chr4	83067207
chr4.82755644.83083169	chr4	83083169
chr4.82755644.83083169	chr4	83076749
chr4.82775006.82835655	chr4	82775006
chr4.82775006.82835655	chr4	82802121
chr4.82775006.82835655	chr4	82835655
chr4.82775505.82859520	chr4	82775505
chr4.82775505.82859520	chr4	82859520
chr4.82805169.82835847	chr4	82805169
chr4.82805169.82835847	chr4	82835847
chr4.82809028.82885754	chr4	82809028
chr4.82809028.82885754	chr4	82866923
chr4.82809028.82885754	chr4	82873043
chr4.82809028.82885754	chr4	82829130
chr4.82809028.82885754	chr4	82885754
chr4.82825639.83004837	chr4	82825639
chr4.82825639.83004837	chr4	82855165
chr4.82825639.83004837	chr4	82889460
chr4.82825639.83004837	chr4	82936906
chr4.82825639.83004837	chr4	83004837
chr4.82826649.82861781	chr4	82826649
chr4.82826649.82861781	chr4	82861781
chr4.82827302.82838218	chr4	82827302
chr4.82827302.82838218	chr4	82838218
chr4.82857851.82890690	chr4	82857851
chr4.82857851.82890690	chr4	82890690
chr4.82860951.82977104	chr4	82860951
chr4.82860951.82977104	chr4	82866866
chr4.82860951.82977104	chr4	82879133
chr4.82860951.82977104	chr4	82905868
chr4.82860951.82977104	chr4	82954995
chr4.82860951.82977104	chr4	82977104
chr4.82892887.82988508	chr4	82892887
chr4.82892887.82988508	chr4	82898236
chr4.82892887.82988508	chr4	82898693
chr4.82892887.82988508	chr4	82915964
chr4.82892887.82988508	chr4	82943478
chr4.82892887.82988508	chr4	82988508
chr4.82900551.82936529	chr4	82900551
chr4.82900551.82936529	chr4	82936529
chr4.82929119.82948965	chr4	82929119
chr4.82929119.82948965	chr4	82948965
chr4.82937605.83022894	chr4	82937605
chr4.82937605.83022894	chr4	83022894
chr4.82940628.83002119	chr4	82940628
chr4.82940628.83002119	chr4	83002119
chr4.82947722.83006516	chr4	82947722
chr4.82947722.83006516	chr4	83006516
chr4.82950991.82965784	chr4	82950991
chr4.82950991.82965784	chr4	82965784
chr4.82957970.82973255	chr4	82957970
chr4.82957970.82973255	chr4	82965138
chr4.82957970.82973255	chr4	82973255
chr4.82975812.83057432	chr4	82975812
chr4.82975812.83057432	chr4	83057431
chr4.82975812.83057432	chr4	83057432
chr4.82977049.83035032	chr4	82977049
chr4.82977049.83035032	chr4	83035032
chr4.82988524.83020756	chr4	82988524
chr4.82988524.83020756	chr4	83014533
chr4.82988524.83020756	chr4	83020756
chr4.83004050.83029911	chr4	83004050
chr4.83004050.83029911	chr4	83029911
chr4.83008800.83014294	chr4	83008800
chr4.83008800.83014294	chr4	83014294
chr4.83038971.83054439	chr4	83038971
chr4.83038971.83054439	chr4	83054439
chr4.83059463.83080777	chr4	83059463
chr4.83059463.83080777	chr4	83080777
chr4.83086239.83091061	chr4	83086239
chr4.83086239.83091061	chr4	83086585
chr4.83086239.83091061	chr4	83091061
chr4.83111151.83123301	chr4	83111151
chr4.83111151.83123301	chr4	83113319
chr4.83111151.83123301	chr4	83118281
chr4.83111151.83123301	chr4	83120830
chr4.83111151.83123301	chr4	83123301
chr6.30934961.31134671	chr6	30934961
chr6.30934961.31134671	chr6	30964021
chr6.30934961.31134671	chr6	30989907
chr6.30934961.31134671	chr6	30997134
chr6.30934961.31134671	chr6	31003087
chr6.30934961.31134671	chr6	31012426
chr6.30934961.31134671	chr6	31022619
chr6.30934961.31134671	chr6	31046416
chr6.30934961.31134671	chr6	31051287
chr6.30934961.31134671	chr6	31059642
chr6.30934961.31134671	chr6	31087146
chr6.30934961.31134671	chr6	31091320
chr6.30934961.31134671	chr6	31093854
chr6.30934961.31134671	chr6	31094005
chr6.30934961.31134671	chr6	31114669
chr6.30934961.31134671	chr6	31115169
chr6.30934961.31134671	chr6	31127176
chr6.30934961.31134671	chr6	31128326
chr6.30934961.31134671	chr6	31129725
chr6.30934961.31134671	chr6	31133655
chr6.30934961.31134671	chr6	31134671
chr6.30936436.30960071	chr6	30936436
chr6.30936436.30960071	chr6	30940845
chr6.30936436.30960071	chr6	30946113
chr6.30936436.30960071	chr6	30956291
chr6.30936436.30960071	chr6	30956472
chr6.30936436.30960071	chr6	30956727
chr6.30936436.30960071	chr6	30957298
chr6.30936436.30960071	chr6	30957692
chr6.30936436.30960071	chr6	30957693
chr6.30936436.30960071	chr6	30958411
chr6.30936436.30960071	chr6	30958420
chr6.30936436.30960071	chr6	30959018
chr6.30936436.30960071	chr6	30960071
chr6.31010834.31057483	chr6	31010834
chr6.31010834.31057483	chr6	31057483
chr6.31021862.31079897	chr6	31021862
chr6.31021862.31079897	chr6	31022536
chr6.31021862.31079897	chr6	31036271
chr6.31021862.31079897	chr6	31040662
chr6.31021862.31079897	chr6	31043054
chr6.31021862.31079897	chr6	31072153
chr6.31021862.31079897	chr6	31056933
chr6.31021862.31079897	chr6	31058459
chr6.31021862.31079897	chr6	31059792
chr6.31021862.31079897	chr6	31062526
chr6.31021862.31079897	chr6	31066554
chr6.31021862.31079897	chr6	31072761
chr6.31021862.31079897	chr6	31073676
chr6.31021862.31079897	chr6	31075791
chr6.31021862.31079897	chr6	31079897
chr6.31021862.31079897	chr6	31056255
chr6.31021862.31079897	chr6	31059402
chr6.31021862.31079897	chr6	31043254
chr6.31023803.31023804	chr6	31023803
chr6.31023803.31023804	chr6	31023804
chr6.31024226.31075762	chr6	31024226
chr6.31024226.31075762	chr6	31075762
chr6.31025858.31140333	chr6	31025858
chr6.31025858.31140333	chr6	31030100
chr6.31025858.31140333	chr6	31031478
chr6.31025858.31140333	chr6	31045949
chr6.31025858.31140333	chr6	31092176
chr6.31025858.31140333	chr6	31101061
chr6.31025858.31140333	chr6	31133093
chr6.31025858.31140333	chr6	31140333
chr6.31026858.31033764	chr6	31026858
chr6.31026858.31033764	chr6	31026953
chr6.31026858.31033764	chr6	31033613
chr6.31026858.31033764	chr6	31033764
chr6.31026858.31033764	chr6	31029680
chr6.31045297.31087500	chr6	31045297
chr6.31045297.31087500	chr6	31057018
chr6.31045297.31087500	chr6	31087500
chr6.31047474.31056985	chr6	31047474
chr6.31047474.31056985	chr6	31056985
chr6.31051867.31082540	chr6	31051867
chr6.31051867.31082540	chr6	31082540
chr6.31053765.31133625	chr6	31053765
chr6.31053765.31133625	chr6	31061318
chr6.31053765.31133625	chr6	31068498
chr6.31053765.31133625	chr6	31069678
chr6.31053765.31133625	chr6	31073503
chr6.31053765.31133625	chr6	31133625
chr6.31053765.31133625	chr6	31133553
chr6.31063574.31134988	chr6	31063574
chr6.31063574.31134988	chr6	31073687
chr6.31063574.31134988	chr6	31093718
chr6.31063574.31134988	chr6	31096325
chr6.31063574.31134988	chr6	31105972
chr6.31063574.31134988	chr6	31134988
chr6.31069924.31123503	chr6	31069924
chr6.31069924.31123503	chr6	31081589
chr6.31069924.31123503	chr6	31123503
chr6.31073466.31118653	chr6	31073466
chr6.31073466.31118653	chr6	31118653
chr6.31077777.31112941	chr6	31077777
chr6.31077777.31112941	chr6	31081878
chr6.31077777.31112941	chr6	31083231
chr6.31077777.31112941	chr6	31083776
chr6.31077777.31112941	chr6	31087241
chr6.31077777.31112941	chr6	31090401
chr6.31077777.31112941	chr6	31091198
chr6.31077777.31112941	chr6	31102745
chr6.31077777.31112941	chr6	31102747
chr6.31077777.31112941	chr6	31103676
chr6.31077777.31112941	chr6	31105560
chr6.31077777.31112941	chr6	31105995
chr6.31077777.31112941	chr6	31106351
chr6.31077777.31112941	chr6	31106371
chr6.31077777.31112941	chr6	31108307
chr6.31077777.31112941	chr6	31109628
chr6.31077777.31112941	chr6	31110383
chr6.31077777.31112941	chr6	31111059
chr6.31077777.31112941	chr6	31111487
chr6.31077777.31112941	chr6	31112326
chr6.31077777.31112941	chr6	31112590
chr6.31077777.31112941	chr6	31112941
chr6.31095506.31148057	chr6	31095506
chr6.31095506.31148057	chr6	31106147
chr6.31095506.31148057	chr6	31123580
chr6.31095506.31148057	chr6	31123680
chr6.31095506.31148057	chr6	31125233
chr6.31095506.31148057	chr6	31125299
chr6.31095506.31148057	chr6	31125321
chr6.31095506.31148057	chr6	31125376
chr6.31095506.31148057	chr6	31125998
chr6.31095506.31148057	chr6	31126045
chr6.31095506.31148057	chr6	31126065
chr6.31095506.31148057	chr6	31126496
chr6.31095506.31148057	chr6	31126549
chr6.31095506.31148057	chr6	31126699
chr6.31095506.31148057	chr6	31126858
chr6.31095506.31148057	chr6	31127010
chr6.31095506.31148057	chr6	31127134
chr6.31095506.31148057	chr6	31127832
chr6.31095506.31148057	chr6	31127945
chr6.31095506.31148057	chr6	31128048
chr6.31095506.31148057	chr6	31129094
chr6.31095506.31148057	chr6	31129146
chr6.31095506.31148057	chr6	31129296
chr6.31095506.31148057	chr6	31129301
chr6.31095506.31148057	chr6	31129655
chr6.31095506.31148057	chr6	31130762
chr6.31095506.31148057	chr6	31131181
chr6.31095506.31148057	chr6	31131622
chr6.31095506.31148057	chr6	31131830
chr6.31095506.31148057	chr6	31133043
chr6.31095506.31148057	chr6	31133116
chr6.31095506.31148057	chr6	31133659
chr6.31095506.31148057	chr6	31133943
chr6.31095506.31148057	chr6	31138211
chr6.31095506.31148057	chr6	31140698
chr6.31095506.31148057	chr6	31148057
chr6.33008279.33009642	chr6	33008279
chr6.33008279.33009642	chr6	33009089
chr6.33008279.33009642	chr6	33009354
chr6.33008279.33009642	chr6	33009405
chr6.33008279.33009642	chr6	33009521
chr6.33008279.33009642	chr6	33009642
chr6.33092117.33115426	chr6	33092117
chr6.33092117.33115426	chr6	33093594
chr6.33092117.33115426	chr6	33104633
chr6.33092117.33115426	chr6	33107130
chr6.33092117.33115426	chr6	33115426
chr6.33103814.33112583	chr6	33103814
chr6.33103814.33112583	chr6	33103820
chr6.33103814.33112583	chr6	33103967
chr6.33103814.33112583	chr6	33104062
chr6.33103814.33112583	chr6	33104395
chr6.33103814.33112583	chr6	33104638
chr6.33103814.33112583	chr6	33106127
chr6.33103814.33112583	chr6	33108038
chr6.33103814.33112583	chr6	33108169
chr6.33103814.33112583	chr6	33111608
chr6.33103814.33112583	chr6	33112452
chr6.33103814.33112583	chr6	33112463
chr6.33103814.33112583	chr6	33112582
chr6.33103814.33112583	chr6	33112583
chr6.85333959.85362935	chr6	85333959
chr6.85333959.85362935	chr6	85362935
chr6.85340299.85364688	chr6	85340299
chr6.85340299.85364688	chr6	85341447
chr6.85340299.85364688	chr6	85343114
chr6.85340299.85364688	chr6	85346298
chr6.85340299.85364688	chr6	85353132
chr6.85340299.85364688	chr6	85356202
chr6.85340299.85364688	chr6	85356378
chr6.85340299.85364688	chr6	85358009
chr6.85340299.85364688	chr6	85358388
chr6.85340299.85364688	chr6	85359510
chr6.85340299.85364688	chr6	85360219
chr6.85340299.85364688	chr6	85362367
chr6.85340299.85364688	chr6	85362417
chr6.85340299.85364688	chr6	85362955
chr6.85340299.85364688	chr6	85364688
chr7.129553314.129774681	chr7	129553314
chr7.129553314.129774681	chr7	129590042
chr7.129553314.129774681	chr7	129606291
chr7.129553314.129774681	chr7	129608988
chr7.129553314.129774681	chr7	129618401
chr7.129553314.129774681	chr7	129620958
chr7.129553314.129774681	chr7	129620982
chr7.129553314.129774681	chr7	129621606
chr7.129553314.129774681	chr7	129623069
chr7.129553314.129774681	chr7	129630963
chr7.129553314.129774681	chr7	129632464
chr7.129553314.129774681	chr7	129637049
chr7.129553314.129774681	chr7	129639840
chr7.129553314.129774681	chr7	129639854
chr7.129553314.129774681	chr7	129639971
chr7.129553314.129774681	chr7	129641074
chr7.129553314.129774681	chr7	129643844
chr7.129553314.129774681	chr7	129644326
chr7.129553314.129774681	chr7	129646777
chr7.129553314.129774681	chr7	129646856
chr7.129553314.129774681	chr7	129647860
chr7.129553314.129774681	chr7	129607926
chr7.129553314.129774681	chr7	129655338
chr7.129553314.129774681	chr7	129656217
chr7.129553314.129774681	chr7	129658653
chr7.129553314.129774681	chr7	129659685
chr7.129553314.129774681	chr7	129668289
chr7.129553314.129774681	chr7	129669364
chr7.129553314.129774681	chr7	129670709
chr7.129553314.129774681	chr7	129674822
chr7.129553314.129774681	chr7	129684462
chr7.129553314.129774681	chr7	129690522
chr7.129553314.129774681	chr7	129692636
chr7.129553314.129774681	chr7	129693264
chr7.129553314.129774681	chr7	129695583
chr7.129553314.129774681	chr7	129696263
chr7.129553314.129774681	chr7	129706009
chr7.129553314.129774681	chr7	129707670
chr7.129553314.129774681	chr7	129714176
chr7.129553314.129774681	chr7	129716148
chr7.129553314.129774681	chr7	129716941
chr7.129553314.129774681	chr7	129722415
chr7.129553314.129774681	chr7	129724641
chr7.129553314.129774681	chr7	129733700
chr7.129553314.129774681	chr7	129736172
chr7.129553314.129774681	chr7	129736625
chr7.129553314.129774681	chr7	129736708
chr7.129553314.129774681	chr7	129738831
chr7.129553314.129774681	chr7	129744095
chr7.129553314.129774681	chr7	129569352
chr7.129553314.129774681	chr7	129569716
chr7.129553314.129774681	chr7	129571163
chr7.129553314.129774681	chr7	129579153
chr7.129553314.129774681	chr7	129587889
chr7.129553314.129774681	chr7	129591071
chr7.129553314.129774681	chr7	129595729
chr7.129553314.129774681	chr7	129599103
chr7.129553314.129774681	chr7	129599308
chr7.129553314.129774681	chr7	129603060
chr7.129553314.129774681	chr7	129750789
chr7.129553314.129774681	chr7	129756191
chr7.129553314.129774681	chr7	129757765
chr7.129553314.129774681	chr7	129757873
chr7.129553314.129774681	chr7	129759764
chr7.129553314.129774681	chr7	129764868
chr7.129553314.129774681	chr7	129768083
chr7.129553314.129774681	chr7	129771438
chr7.129553314.129774681	chr7	129771637
chr7.129553314.129774681	chr7	129772563
chr7.129553314.129774681	chr7	129773165
chr7.129553314.129774681	chr7	129774681
chr7.129573476.129645277	chr7	129573476
chr7.129573476.129645277	chr7	129645277
chr7.129596842.129742532	chr7	129596842
chr7.129596842.129742532	chr7	129631312
chr7.129596842.129742532	chr7	129631466
chr7.129596842.129742532	chr7	129722775
chr7.129596842.129742532	chr7	129742532
chr7.129638069.129711156	chr7	129638069
chr7.129638069.129711156	chr7	129711156
chr7.129640235.129644117	chr7	129640235
chr7.129640235.129644117	chr7	129644117
chr7.129665434.129766282	chr7	129665434
chr7.129665434.129766282	chr7	129754564
chr7.129665434.129766282	chr7	129766282
chr7.129779522.129783187	chr7	129779522
chr7.129779522.129783187	chr7	129783187
chr7.147656429.147661859	chr7	147656429
chr7.147656429.147661859	chr7	147656584
chr7.147656429.147661859	chr7	147656788
chr7.147656429.147661859	chr7	147657140
chr7.147656429.147661859	chr7	147660215
chr7.147656429.147661859	chr7	147660244
chr7.147656429.147661859	chr7	147661512
chr7.147656429.147661859	chr7	147661859
chr7.147665094.147696027	chr7	147665094
chr7.147665094.147696027	chr7	147665110
chr7.147665094.147696027	chr7	147665358
chr7.147665094.147696027	chr7	147666248
chr7.147665094.147696027	chr7	147668219
chr7.147665094.147696027	chr7	147668466
chr7.147665094.147696027	chr7	147668715
chr7.147665094.147696027	chr7	147668840
chr7.147665094.147696027	chr7	147670162
chr7.147665094.147696027	chr7	147671328
chr7.147665094.147696027	chr7	147671764
chr7.147665094.147696027	chr7	147671768
chr7.147665094.147696027	chr7	147672172
chr7.147665094.147696027	chr7	147672243
chr7.147665094.147696027	chr7	147672258
chr7.147665094.147696027	chr7	147672494
chr7.147665094.147696027	chr7	147672691
chr7.147665094.147696027	chr7	147673136
chr7.147665094.147696027	chr7	147673354
chr7.147665094.147696027	chr7	147673677
chr7.147665094.147696027	chr7	147673798
chr7.147665094.147696027	chr7	147673812
chr7.147665094.147696027	chr7	147674345
chr7.147665094.147696027	chr7	147674626
chr7.147665094.147696027	chr7	147675102
chr7.147665094.147696027	chr7	147675181
chr7.147665094.147696027	chr7	147675195
chr7.147665094.147696027	chr7	147675643
chr7.147665094.147696027	chr7	147676279
chr7.147665094.147696027	chr7	147677643
chr7.147665094.147696027	chr7	147678019
chr7.147665094.147696027	chr7	147678079
chr7.147665094.147696027	chr7	147678089
chr7.147665094.147696027	chr7	147678249
chr7.147665094.147696027	chr7	147678465
chr7.147665094.147696027	chr7	147678650
chr7.147665094.147696027	chr7	147678718
chr7.147665094.147696027	chr7	147678730
chr7.147665094.147696027	chr7	147678863
chr7.147665094.147696027	chr7	147680611
chr7.147665094.147696027	chr7	147680957
chr7.147665094.147696027	chr7	147681116
chr7.147665094.147696027	chr7	147681363
chr7.147665094.147696027	chr7	147681715
chr7.147665094.147696027	chr7	147681825
chr7.147665094.147696027	chr7	147682269
chr7.147665094.147696027	chr7	147682434
chr7.147665094.147696027	chr7	147682774
chr7.147665094.147696027	chr7	147682822
chr7.147665094.147696027	chr7	147682938
chr7.147665094.147696027	chr7	147684563
chr7.147665094.147696027	chr7	147684736
chr7.147665094.147696027	chr7	147685168
chr7.147665094.147696027	chr7	147687672
chr7.147665094.147696027	chr7	147687782
chr7.147665094.147696027	chr7	147688131
chr7.147665094.147696027	chr7	147688365
chr7.147665094.147696027	chr7	147688404
chr7.147665094.147696027	chr7	147689256
chr7.147665094.147696027	chr7	147689439
chr7.147665094.147696027	chr7	147689848
chr7.147665094.147696027	chr7	147689904
chr7.147665094.147696027	chr7	147690152
chr7.147665094.147696027	chr7	147690344
chr7.147665094.147696027	chr7	147690446
chr7.147665094.147696027	chr7	147690486
chr7.147665094.147696027	chr7	147690699
chr7.147665094.147696027	chr7	147690899
chr7.147665094.147696027	chr7	147690968
chr7.147665094.147696027	chr7	147691313
chr7.147665094.147696027	chr7	147691376
chr7.147665094.147696027	chr7	147691694
chr7.147665094.147696027	chr7	147691840
chr7.147665094.147696027	chr7	147692008
chr7.147665094.147696027	chr7	147692782
chr7.147665094.147696027	chr7	147694957
chr7.147665094.147696027	chr7	147694958
chr7.147665094.147696027	chr7	147695475
chr7.147665094.147696027	chr7	147695974
chr7.147665094.147696027	chr7	147696007
chr7.147665094.147696027	chr7	147696027
chr7.147679293.147692769	chr7	147679293
chr7.147679293.147692769	chr7	147692769
chr8.133803731.133818922	chr8	133803731
chr8.133803731.133818922	chr8	133817629
chr8.133803731.133818922	chr8	133818922
chr8.133804216.133817968	chr8	133804216
chr8.133804216.133817968	chr8	133806806
chr8.133804216.133817968	chr8	133807547
chr8.133804216.133817968	chr8	133810265
chr8.133804216.133817968	chr8	133810440
chr8.133804216.133817968	chr8	133814626
chr8.133804216.133817968	chr8	133817386
chr8.133804216.133817968	chr8	133817968
chr8.133823355.133827030	chr8	133823355
chr8.133823355.133827030	chr8	133825466
chr8.133823355.133827030	chr8	133827030
chr8.133823589.133826803	chr8	133823589
chr8.133823589.133826803	chr8	133824784
chr8.133823589.133826803	chr8	133825479
chr8.133823589.133826803	chr8	133825871
chr8.133823589.133826803	chr8	133825982
chr8.133823589.133826803	chr8	133826803
chr8.133828998.133835737	chr8	133828998
chr8.133828998.133835737	chr8	133829793
chr8.133828998.133835737	chr8	133831728
chr8.133828998.133835737	chr8	133832203
chr8.133828998.133835737	chr8	133832316
chr8.133828998.133835737	chr8	133833582
chr8.133828998.133835737	chr8	133834601
chr8.133828998.133835737	chr8	133835737
chr8.133828998.133835737	chr8	133834661
chr8.133828998.133835737	chr8	133835276
chr8.133841743.133891832	chr8	133841743
chr8.133841743.133891832	chr8	133842314
chr8.133841743.133891832	chr8	133842390
chr8.133841743.133891832	chr8	133843994
chr8.133841743.133891832	chr8	133847429
chr8.133841743.133891832	chr8	133847771
chr8.133841743.133891832	chr8	133847951
chr8.133841743.133891832	chr8	133848051
chr8.133841743.133891832	chr8	133848170
chr8.133841743.133891832	chr8	133851085
chr8.133841743.133891832	chr8	133852916
chr8.133841743.133891832	chr8	133856508
chr8.133841743.133891832	chr8	133861985
chr8.133841743.133891832	chr8	133871694
chr8.133841743.133891832	chr8	133873698
chr8.133841743.133891832	chr8	133885593
chr8.133841743.133891832	chr8	133886062
chr8.133841743.133891832	chr8	133891315
chr8.133841743.133891832	chr8	133891832
chr8.133841743.133891832	chr8	133891495
chr8.133858703.133883877	chr8	133858703
chr8.133858703.133883877	chr8	133883877
chr8.133915319.133923992	chr8	133915319
chr8.133915319.133923992	chr8	133919183
chr8.133915319.133923992	chr8	133920899
chr8.133915319.133923992	chr8	133923992
chr8.133937240.133948551	chr8	133937240
chr8.133937240.133948551	chr8	133943734
chr8.133937240.133948551	chr8	133947997
chr8.133937240.133948551	chr8	133948058
chr8.133937240.133948551	chr8	133948383
chr8.133937240.133948551	chr8	133948551
chr9.85477583.85480716	chr9	85477583
chr9.85477583.85480716	chr9	85480716
chr9.85482124.85483254	chr9	85482124
chr9.85482124.85483254	chr9	85483254
chr9.85503966.85509081	chr9	85503966
chr9.85503966.85509081	chr9	85509081
chr9.85506349.85515011	chr9	85506349
chr9.85506349.85515011	chr9	85508150
chr9.85506349.85515011	chr9	85509030
chr9.85506349.85515011	chr9	85509438
chr9.85506349.85515011	chr9	85515011
chr9.93724720.93766171	chr9	93724720
chr9.93724720.93766171	chr9	93726293
chr9.93724720.93766171	chr9	93726498
chr9.93724720.93766171	chr9	93727952
chr9.93724720.93766171	chr9	93727967
chr9.93724720.93766171	chr9	93729029
chr9.93724720.93766171	chr9	93731599
chr9.93724720.93766171	chr9	93733633
chr9.93724720.93766171	chr9	93766171
chr9.93752325.93867864	chr9	93752325
chr9.93752325.93867864	chr9	93752344
chr9.93752325.93867864	chr9	93752929
chr9.93752325.93867864	chr9	93757328
chr9.93752325.93867864	chr9	93758037
chr9.93752325.93867864	chr9	93759075
chr9.93752325.93867864	chr9	93760493
chr9.93752325.93867864	chr9	93764976
chr9.93752325.93867864	chr9	93766127
chr9.93752325.93867864	chr9	93767661
chr9.93752325.93867864	chr9	93769425
chr9.93752325.93867864	chr9	93770332
chr9.93752325.93867864	chr9	93770791
chr9.93752325.93867864	chr9	93771154
chr9.93752325.93867864	chr9	93772010
chr9.93752325.93867864	chr9	93774109
chr9.93752325.93867864	chr9	93774145
chr9.93752325.93867864	chr9	93774918
chr9.93752325.93867864	chr9	93777957
chr9.93752325.93867864	chr9	93778103
chr9.93752325.93867864	chr9	93778490
chr9.93752325.93867864	chr9	93779086
chr9.93752325.93867864	chr9	93779235
chr9.93752325.93867864	chr9	93779550
chr9.93752325.93867864	chr9	93786100
chr9.93752325.93867864	chr9	93788006
chr9.93752325.93867864	chr9	93796428
chr9.93752325.93867864	chr9	93812783
chr9.93752325.93867864	chr9	93814458
chr9.93752325.93867864	chr9	93815203
chr9.93752325.93867864	chr9	93821688
chr9.93752325.93867864	chr9	93826897
chr9.93752325.93867864	chr9	93827524
chr9.93752325.93867864	chr9	93827710
chr9.93752325.93867864	chr9	93830005
chr9.93752325.93867864	chr9	93830780
chr9.93752325.93867864	chr9	93831920
chr9.93752325.93867864	chr9	93839521
chr9.93752325.93867864	chr9	93844104
chr9.93752325.93867864	chr9	93845901
chr9.93752325.93867864	chr9	93847038
chr9.93752325.93867864	chr9	93848150
chr9.93752325.93867864	chr9	93850015
chr9.93752325.93867864	chr9	93850080
chr9.93752325.93867864	chr9	93852590
chr9.93752325.93867864	chr9	93855329
chr9.93752325.93867864	chr9	93855418
chr9.93752325.93867864	chr9	93856145
chr9.93752325.93867864	chr9	93858213
chr9.93752325.93867864	chr9	93858689
chr9.93752325.93867864	chr9	93860823
chr9.93752325.93867864	chr9	93863278
chr9.93752325.93867864	chr9	93867279
chr9.93752325.93867864	chr9	93867864
chr9.93760712.93771590	chr9	93760712
chr9.93760712.93771590	chr9	93771590
chr9.93765299.93844877	chr9	93765299
chr9.93765299.93844877	chr9	93823198
chr9.93765299.93844877	chr9	93844877
chr9.93767218.93772705	chr9	93767218
chr9.93767218.93772705	chr9	93772705
chr9.93801110.93849180	chr9	93801110
chr9.93801110.93849180	chr9	93821361
chr9.93801110.93849180	chr9	93849180
chr9.93826458.93832074	chr9	93826458
chr9.93826458.93832074	chr9	93827235
chr9.93826458.93832074	chr9	93832074
