sample	haplo_Skov	chrom	start	end	CHR	START	END	ovelap	length_Skov	ratio	length	state	mean_prob	snps	admixpopvariants	AltaiNeandertal	Chagyrskaya-Phalanx	Denisova	Vindija33.19	chr_st_end_Skov	SNP	Introgression	plain_origin	pop	chr_st_end
191121_FD09254746	191121_FD09254746_hap1	chr1	88997000	89316000	1	88800562	89326878	319000	319000	1	320000	Archaic	0.99218	247	91	81	2	86	80	1.88997000.89316000	89127023	Denisova/Altai Neanderthal	Denisova	LL	chr1.89054418.89202534
191121_FD09254746	191121_FD09254746_hap2	chr1	89118000	89232000	1	88800562	89326878	114000	114000	1	115000	Archaic	0.95942	114	53	47	2	50	50	1.89118000.89232000	89127023	Denisova/Altai Neanderthal	ambiguous	LL	chr1.89054418.89202534
191121_FD09254747	191121_FD09254747_hap1	chr1	89049000	89237000	1	88800562	89326878	188000	188000	1	189000	Archaic	0.97888	173	75	66	2	71	72	1.89049000.89237000	89127023	Denisova/Altai Neanderthal	ambiguous	LL	chr1.89054418.89202534
191121_FD09254747	191121_FD09254747_hap2	chr1	89049000	89237000	1	88800562	89326878	188000	188000	1	189000	Archaic	0.97888	173	75	66	2	71	72	1.89049000.89237000	89127023	Denisova/Altai Neanderthal	ambiguous	LL	chr1.89054418.89202534
191121_FD09254748	191121_FD09254748_hap2	chr1	88997000	89315000	1	88800562	89326878	318000	318000	1	319000	Archaic	0.99287	245	91	81	2	86	80	1.88997000.89315000	89127023	Denisova/Altai Neanderthal	Denisova	LL	chr1.89054418.89202534
191121_FD09254754	191121_FD09254754_hap1	chr1	89050000	89235000	1	88800562	89326878	185000	185000	1	186000	Archaic	0.97461	174	75	66	2	71	72	1.89050000.89235000	89127023	Denisova/Altai Neanderthal	ambiguous	LL	chr1.89054418.89202534
191121_FD09254754	191121_FD09254754_hap2	chr1	89053000	89235000	1	88800562	89326878	182000	182000	1	183000	Archaic	0.9754	170	75	66	2	71	72	1.89053000.89235000	89127023	Denisova/Altai Neanderthal	ambiguous	LL	chr1.89054418.89202534
191121_FD09254755	191121_FD09254755_hap1	chr1	89001000	89237000	1	88800562	89326878	236000	236000	1	237000	Archaic	0.98716	204	82	73	2	77	79	1.89001000.89237000	89127023	Denisova/Altai Neanderthal	ambiguous	LL	chr1.89054418.89202534
191121_FD09254755	191121_FD09254755_hap2	chr1	89049000	89237000	1	88800562	89326878	188000	188000	1	189000	Archaic	0.97975	175	75	66	2	71	72	1.89049000.89237000	89127023	Denisova/Altai Neanderthal	ambiguous	LL	chr1.89054418.89202534
191121_FD09254756	191121_FD09254756_hap1	chr1	89053000	89235000	1	88800562	89326878	182000	182000	1	183000	Archaic	0.97553	170	75	66	2	71	72	1.89053000.89235000	89127023	Denisova/Altai Neanderthal	ambiguous	LL	chr1.89054418.89202534
191121_FD09254756	191121_FD09254756_hap2	chr1	89011000	89283000	1	88800562	89326878	272000	272000	1	273000	Archaic	0.98904	219	80	71	2	76	77	1.89011000.89283000	89127023	Denisova/Altai Neanderthal	ambiguous	LL	chr1.89054418.89202534
191121_FD09254762	191121_FD09254762_hap1	chr1	89049000	89237000	1	88800562	89326878	188000	188000	1	189000	Archaic	0.978	173	75	66	2	71	72	1.89049000.89237000	89127023	Denisova/Altai Neanderthal	ambiguous	LL	chr1.89054418.89202534
191121_FD09254762	191121_FD09254762_hap2	chr1	89048000	89235000	1	88800562	89326878	187000	187000	1	188000	Archaic	0.96759	173	75	66	2	71	72	1.89048000.89235000	89127023	Denisova/Altai Neanderthal	ambiguous	LL	chr1.89054418.89202534
191121_FD09254763	191121_FD09254763_hap1	chr1	89053000	89236000	1	88800562	89326878	183000	183000	1	184000	Archaic	0.9739	170	75	66	2	71	72	1.89053000.89236000	89127023	Denisova/Altai Neanderthal	ambiguous	LL	chr1.89054418.89202534
191121_FD09254763	191121_FD09254763_hap2	chr1	88997000	89280000	1	88800562	89326878	283000	283000	1	284000	Archaic	0.99179	224	83	74	2	78	80	1.88997000.89280000	89127023	Denisova/Altai Neanderthal	ambiguous	LL	chr1.89054418.89202534
191121_FD09254764	191121_FD09254764_hap1	chr1	88997000	89236000	1	88800562	89326878	239000	239000	1	240000	Archaic	0.97716	206	82	73	2	77	79	1.88997000.89236000	89127023	Denisova/Altai Neanderthal	ambiguous	LL	chr1.89054418.89202534
191121_FD09254764	191121_FD09254764_hap2	chr1	89053000	89238000	1	88800562	89326878	185000	185000	1	186000	Archaic	0.9892	173	75	66	2	71	72	1.89053000.89238000	89127023	Denisova/Altai Neanderthal	ambiguous	LL	chr1.89054418.89202534
191121_FD09254771	191121_FD09254771_hap1	chr1	89050000	89236000	1	88800562	89326878	186000	186000	1	187000	Archaic	0.97311	173	75	66	2	71	72	1.89050000.89236000	89127023	Denisova/Altai Neanderthal	ambiguous	LL	chr1.89054418.89202534
191121_FD09254771	191121_FD09254771_hap2	chr1	89001000	89233000	1	88800562	89326878	232000	232000	1	233000	Archaic	0.98147	204	82	73	2	77	79	1.89001000.89233000	89127023	Denisova/Altai Neanderthal	ambiguous	LL	chr1.89054418.89202534
191121_FD09254772	191121_FD09254772_hap1	chr1	89053000	89237000	1	88800562	89326878	184000	184000	1	185000	Archaic	0.97252	172	75	66	2	71	72	1.89053000.89237000	89127023	Denisova/Altai Neanderthal	ambiguous	LL	chr1.89054418.89202534
191121_FD09254772	191121_FD09254772_hap2	chr1	89049000	89238000	1	88800562	89326878	189000	189000	1	190000	Archaic	0.98228	174	75	66	2	71	72	1.89049000.89238000	89127023	Denisova/Altai Neanderthal	ambiguous	LL	chr1.89054418.89202534
191121_FD09254777	191121_FD09254777_hap1	chr1	89053000	89238000	1	88800562	89326878	185000	185000	1	186000	Archaic	0.99021	175	75	66	2	71	72	1.89053000.89238000	89127023	Denisova/Altai Neanderthal	ambiguous	LL	chr1.89054418.89202534
191121_FD09254777	191121_FD09254777_hap2	chr1	89053000	89238000	1	88800562	89326878	185000	185000	1	186000	Archaic	0.98856	172	75	66	2	71	72	1.89053000.89238000	89127023	Denisova/Altai Neanderthal	ambiguous	LL	chr1.89054418.89202534
191121_FD09254779	191121_FD09254779_hap1	chr1	89049000	89237000	1	88800562	89326878	188000	188000	1	189000	Archaic	0.97879	174	75	66	2	71	72	1.89049000.89237000	89127023	Denisova/Altai Neanderthal	ambiguous	LL	chr1.89054418.89202534
191121_FD09254779	191121_FD09254779_hap2	chr1	89001000	89232000	1	88800562	89326878	231000	231000	1	232000	Archaic	0.98262	202	82	73	2	77	79	1.89001000.89232000	89127023	Denisova/Altai Neanderthal	ambiguous	LL	chr1.89054418.89202534
191121_FD09254780	191121_FD09254780_hap1	chr1	89053000	89236000	1	88800562	89326878	183000	183000	1	184000	Archaic	0.97471	170	75	66	2	71	72	1.89053000.89236000	89127023	Denisova/Altai Neanderthal	ambiguous	LL	chr1.89054418.89202534
191121_FD09254780	191121_FD09254780_hap2	chr1	89053000	89239000	1	88800562	89326878	186000	186000	1	187000	Archaic	0.97527	173	75	66	2	71	72	1.89053000.89239000	89127023	Denisova/Altai Neanderthal	ambiguous	LL	chr1.89054418.89202534
191121_FD09254786	191121_FD09254786_hap1	chr1	88997000	89315000	1	88800562	89326878	318000	318000	1	319000	Archaic	0.99294	245	91	81	2	86	80	1.88997000.89315000	89127023	Denisova/Altai Neanderthal	Denisova	LL	chr1.89054418.89202534
191121_FD09254786	191121_FD09254786_hap2	chr1	89053000	89236000	1	88800562	89326878	183000	183000	1	184000	Archaic	0.97445	173	75	66	2	71	72	1.89053000.89236000	89127023	Denisova/Altai Neanderthal	ambiguous	LL	chr1.89054418.89202534
191121_FD09254787	191121_FD09254787_hap1	chr1	88996000	89315000	1	88800562	89326878	319000	319000	1	320000	Archaic	0.99138	239	90	80	2	86	79	1.88996000.89315000	89127023	Denisova/Altai Neanderthal	Denisova	LL	chr1.89054418.89202534
191121_FD09254787	191121_FD09254787_hap2	chr1	89050000	89237000	1	88800562	89326878	187000	187000	1	188000	Archaic	0.97359	171	75	66	2	71	72	1.89050000.89237000	89127023	Denisova/Altai Neanderthal	ambiguous	LL	chr1.89054418.89202534
191121_FD09254788	191121_FD09254788_hap1	chr1	89026000	89315000	1	88800562	89326878	289000	289000	1	290000	Archaic	0.98998	223	83	73	2	79	74	1.89026000.89315000	89127023	Denisova/Altai Neanderthal	Denisova	LL	chr1.89054418.89202534
191121_FD09254788	191121_FD09254788_hap2	chr1	89053000	89237000	1	88800562	89326878	184000	184000	1	185000	Archaic	0.97389	171	75	66	2	71	72	1.89053000.89237000	89127023	Denisova/Altai Neanderthal	ambiguous	LL	chr1.89054418.89202534
191121_FD09254793	191121_FD09254793_hap2	chr1	88997000	89276000	1	88800562	89326878	279000	279000	1	280000	Archaic	0.99014	214	79	70	2	74	76	1.88997000.89276000	89127023	Denisova/Altai Neanderthal	ambiguous	LL	chr1.89054418.89202534
191121_FD09254794	191121_FD09254794_hap1	chr1	89049000	89237000	1	88800562	89326878	188000	188000	1	189000	Archaic	0.97939	172	75	66	2	71	72	1.89049000.89237000	89127023	Denisova/Altai Neanderthal	ambiguous	LL	chr1.89054418.89202534
191121_FD09254794	191121_FD09254794_hap2	chr1	89046000	89237000	1	88800562	89326878	191000	191000	1	192000	Archaic	0.97997	174	75	66	2	71	72	1.89046000.89237000	89127023	Denisova/Altai Neanderthal	ambiguous	LL	chr1.89054418.89202534
191121_FD09254795	191121_FD09254795_hap1	chr1	88997000	89315000	1	88800562	89326878	318000	318000	1	319000	Archaic	0.97069	227	86	76	2	81	77	1.88997000.89315000	89127023	Denisova/Altai Neanderthal	Denisova	LL	chr1.89054418.89202534
191121_FD09254795	191121_FD09254795_hap2	chr1	89041000	89238000	1	88800562	89326878	197000	197000	1	198000	Archaic	0.97615	180	76	67	2	72	73	1.89041000.89238000	89127023	Denisova/Altai Neanderthal	ambiguous	LL	chr1.89054418.89202534
191121_FD09254796	191121_FD09254796_hap1	chr1	89053000	89237000	1	88800562	89326878	184000	184000	1	185000	Archaic	0.97502	163	69	61	2	65	66	1.89053000.89237000	89127023	Denisova/Altai Neanderthal	ambiguous	LL	chr1.89054418.89202534
191121_FD09254801	191121_FD09254801_hap1	chr1	89053000	89237000	1	88800562	89326878	184000	184000	1	185000	Archaic	0.97247	171	75	66	2	71	72	1.89053000.89237000	89127023	Denisova/Altai Neanderthal	ambiguous	LL	chr1.89054418.89202534
191121_FD09254801	191121_FD09254801_hap2	chr1	89053000	89238000	1	88800562	89326878	185000	185000	1	186000	Archaic	0.9882	173	75	66	2	71	72	1.89053000.89238000	89127023	Denisova/Altai Neanderthal	ambiguous	LL	chr1.89054418.89202534
191121_FD09254802	191121_FD09254802_hap1	chr1	89001000	89237000	1	88800562	89326878	236000	236000	1	237000	Archaic	0.98621	204	82	73	2	77	79	1.89001000.89237000	89127023	Denisova/Altai Neanderthal	ambiguous	LL	chr1.89054418.89202534
191121_FD09254802	191121_FD09254802_hap2	chr1	89049000	89237000	1	88800562	89326878	188000	188000	1	189000	Archaic	0.97909	172	74	65	2	70	71	1.89049000.89237000	89127023	Denisova/Altai Neanderthal	ambiguous	LL	chr1.89054418.89202534
191121_FD09254803	191121_FD09254803_hap1	chr1	89049000	89237000	1	88800562	89326878	188000	188000	1	189000	Archaic	0.97939	176	74	65	2	70	71	1.89049000.89237000	89127023	Denisova/Altai Neanderthal	ambiguous	LL	chr1.89054418.89202534
191121_FD09254803	191121_FD09254803_hap2	chr1	89049000	89237000	1	88800562	89326878	188000	188000	1	189000	Archaic	0.97939	177	75	66	2	71	72	1.89049000.89237000	89127023	Denisova/Altai Neanderthal	ambiguous	LL	chr1.89054418.89202534
191121_FD09254804	191121_FD09254804_hap1	chr1	89053000	89237000	1	88800562	89326878	184000	184000	1	185000	Archaic	0.98311	171	75	66	2	71	72	1.89053000.89237000	89127023	Denisova/Altai Neanderthal	ambiguous	LL	chr1.89054418.89202534
191121_FD09254804	191121_FD09254804_hap2	chr1	89053000	89238000	1	88800562	89326878	185000	185000	1	186000	Archaic	0.98999	176	75	66	2	71	72	1.89053000.89238000	89127023	Denisova/Altai Neanderthal	ambiguous	LL	chr1.89054418.89202534
191121_FD09254809	191121_FD09254809_hap1	chr1	89047000	89237000	1	88800562	89326878	190000	190000	1	191000	Archaic	0.97686	173	75	66	2	71	72	1.89047000.89237000	89127023	Denisova/Altai Neanderthal	ambiguous	LL	chr1.89054418.89202534
191121_FD09254809	191121_FD09254809_hap2	chr1	88997000	89256000	1	88800562	89326878	259000	259000	1	260000	Archaic	0.99148	215	82	73	2	77	79	1.88997000.89256000	89127023	Denisova/Altai Neanderthal	ambiguous	LL	chr1.89054418.89202534
191121_FD09254810	191121_FD09254810_hap2	chr1	89049000	89237000	1	88800562	89326878	188000	188000	1	189000	Archaic	0.98236	171	74	66	1	71	71	1.89049000.89237000	89127023	Denisova/Altai Neanderthal	ambiguous	LL	chr1.89054418.89202534
191121_FD09254811	191121_FD09254811_hap1	chr1	89051000	89237000	1	88800562	89326878	186000	186000	1	187000	Archaic	0.97677	175	75	66	2	71	72	1.89051000.89237000	89127023	Denisova/Altai Neanderthal	ambiguous	LL	chr1.89054418.89202534
191121_FD09254811	191121_FD09254811_hap2	chr1	89050000	89237000	1	88800562	89326878	187000	187000	1	188000	Archaic	0.97222	173	74	65	2	70	71	1.89050000.89237000	89127023	Denisova/Altai Neanderthal	ambiguous	LL	chr1.89054418.89202534
191121_FD09254812	191121_FD09254812_hap1	chr1	89049000	89141000	1	88800562	89326878	92000	92000	1	93000	Archaic	0.98186	99	43	36	0	41	41	1.89049000.89141000	89127023	Denisova/Altai Neanderthal	ambiguous	LL	chr1.89054418.89202534
191121_FD09254812	191121_FD09254812_hap2	chr1	89135000	89237000	1	88800562	89326878	102000	102000	1	103000	Archaic	0.96466	72	32	30	2	30	31	1.89135000.89237000	89127023	Denisova/Altai Neanderthal	ambiguous	LL	chr1.89054418.89202534
191121_FD09254817	191121_FD09254817_hap1	chr1	89049000	89238000	1	88800562	89326878	189000	189000	1	190000	Archaic	0.98687	174	75	66	2	71	72	1.89049000.89238000	89127023	Denisova/Altai Neanderthal	ambiguous	LL	chr1.89054418.89202534
191121_FD09254817	191121_FD09254817_hap2	chr1	89016000	89315000	1	88800562	89326878	299000	299000	1	300000	Archaic	0.99531	232	87	77	2	83	76	1.89016000.89315000	89127023	Denisova/Altai Neanderthal	Denisova	LL	chr1.89054418.89202534
191121_FD09254818	191121_FD09254818_hap1	chr1	89053000	89238000	1	88800562	89326878	185000	185000	1	186000	Archaic	0.98883	174	75	66	2	71	72	1.89053000.89238000	89127023	Denisova/Altai Neanderthal	ambiguous	LL	chr1.89054418.89202534
191121_FD09254818	191121_FD09254818_hap2	chr1	88997000	89315000	1	88800562	89326878	318000	318000	1	319000	Archaic	0.99284	246	91	81	2	86	80	1.88997000.89315000	89127023	Denisova/Altai Neanderthal	Denisova	LL	chr1.89054418.89202534
191121_FD09254819	191121_FD09254819_hap1	chr1	89053000	89237000	1	88800562	89326878	184000	184000	1	185000	Archaic	0.98399	171	75	66	2	71	72	1.89053000.89237000	89127023	Denisova/Altai Neanderthal	ambiguous	LL	chr1.89054418.89202534
191121_FD09254819	191121_FD09254819_hap2	chr1	89049000	89237000	1	88800562	89326878	188000	188000	1	189000	Archaic	0.9796	172	74	65	2	70	71	1.89049000.89237000	89127023	Denisova/Altai Neanderthal	ambiguous	LL	chr1.89054418.89202534
191121_FD09254820	191121_FD09254820_hap1	chr1	89118000	89232000	1	88800562	89326878	114000	114000	1	115000	Archaic	0.96255	114	53	47	2	50	50	1.89118000.89232000	89127023	Denisova/Altai Neanderthal	ambiguous	LL	chr1.89054418.89202534
191121_FD09254820	191121_FD09254820_hap2	chr1	89051000	89237000	1	88800562	89326878	186000	186000	1	187000	Archaic	0.97382	173	75	66	2	71	72	1.89051000.89237000	89127023	Denisova/Altai Neanderthal	ambiguous	LL	chr1.89054418.89202534
191121_FD09254825	191121_FD09254825_hap2	chr1	89053000	89238000	1	88800562	89326878	185000	185000	1	186000	Archaic	0.98982	170	73	64	2	69	70	1.89053000.89238000	89127023	Denisova/Altai Neanderthal	ambiguous	LL	chr1.89054418.89202534
191121_FD09254826	191121_FD09254826_hap1	chr1	89053000	89238000	1	88800562	89326878	185000	185000	1	186000	Archaic	0.99044	173	75	66	2	71	72	1.89053000.89238000	89127023	Denisova/Altai Neanderthal	ambiguous	LL	chr1.89054418.89202534
191121_FD09254826	191121_FD09254826_hap2	chr1	89001000	89233000	1	88800562	89326878	232000	232000	1	233000	Archaic	0.98444	203	82	73	2	77	79	1.89001000.89233000	89127023	Denisova/Altai Neanderthal	ambiguous	LL	chr1.89054418.89202534
191121_FD09254827	191121_FD09254827_hap1	chr1	89053000	89238000	1	88800562	89326878	185000	185000	1	186000	Archaic	0.98853	172	75	66	2	71	72	1.89053000.89238000	89127023	Denisova/Altai Neanderthal	ambiguous	LL	chr1.89054418.89202534
191121_FD09254833	191121_FD09254833_hap1	chr1	89003000	89233000	1	88800562	89326878	230000	230000	1	231000	Archaic	0.98258	203	82	73	2	77	79	1.89003000.89233000	89127023	Denisova/Altai Neanderthal	ambiguous	LL	chr1.89054418.89202534
191121_FD09254833	191121_FD09254833_hap2	chr1	89046000	89237000	1	88800562	89326878	191000	191000	1	192000	Archaic	0.97978	174	75	66	2	71	72	1.89046000.89237000	89127023	Denisova/Altai Neanderthal	ambiguous	LL	chr1.89054418.89202534
191121_FD09254834	191121_FD09254834_hap1	chr1	89118000	89237000	1	88800562	89326878	119000	119000	1	120000	Archaic	0.95881	115	53	47	2	50	50	1.89118000.89237000	89127023	Denisova/Altai Neanderthal	ambiguous	LL	chr1.89054418.89202534
191121_FD09254834	191121_FD09254834_hap2	chr1	89118000	89237000	1	88800562	89326878	119000	119000	1	120000	Archaic	0.95881	115	53	47	2	50	50	1.89118000.89237000	89127023	Denisova/Altai Neanderthal	ambiguous	LL	chr1.89054418.89202534
191121_FD09254835	191121_FD09254835_hap2	chr1	88996000	89317000	1	88800562	89326878	321000	321000	1	322000	Archaic	0.98948	245	91	81	2	86	80	1.88996000.89317000	89127023	Denisova/Altai Neanderthal	Denisova	LL	chr1.89054418.89202534
O517_DA_C001KL2	O517_DA_C001KL2_hap1	chr1	89011000	89280000	1	88800562	89326878	269000	269000	1	270000	Archaic	0.99243	215	80	71	2	76	77	1.89011000.89280000	89127023	Denisova/Altai Neanderthal	ambiguous	HL	chr1.89054418.89202534
O517_DA_C001KL2	O517_DA_C001KL2_hap2	chr1	89011000	89315000	1	88800562	89326878	304000	304000	1	305000	Archaic	0.99501	234	88	78	2	84	77	1.89011000.89315000	89127023	Denisova/Altai Neanderthal	Denisova	HL	chr1.89054418.89202534
O517_DA_C001KL3	O517_DA_C001KL3_hap1	chr1	89011000	89286000	1	88800562	89326878	275000	275000	1	276000	Archaic	0.98929	217	80	71	2	76	77	1.89011000.89286000	89127023	Denisova/Altai Neanderthal	ambiguous	HL	chr1.89054418.89202534
O517_DA_C001KL3	O517_DA_C001KL3_hap2	chr1	89013000	89280000	1	88800562	89326878	267000	267000	1	268000	Archaic	0.99286	214	80	71	2	76	77	1.89013000.89280000	89127023	Denisova/Altai Neanderthal	ambiguous	HL	chr1.89054418.89202534
O517_DA_C001KL4	O517_DA_C001KL4_hap1	chr1	89052000	89236000	1	88800562	89326878	184000	184000	1	185000	Archaic	0.97528	171	75	66	2	71	72	1.89052000.89236000	89127023	Denisova/Altai Neanderthal	ambiguous	HL	chr1.89054418.89202534
O517_DA_C001KL4	O517_DA_C001KL4_hap2	chr1	89052000	89236000	1	88800562	89326878	184000	184000	1	185000	Archaic	0.97528	171	75	66	2	71	72	1.89052000.89236000	89127023	Denisova/Altai Neanderthal	ambiguous	HL	chr1.89054418.89202534
O517_DA_C001KL7	O517_DA_C001KL7_hap1	chr1	88997000	89315000	1	88800562	89326878	318000	318000	1	319000	Archaic	0.99297	246	91	81	2	86	80	1.88997000.89315000	89127023	Denisova/Altai Neanderthal	Denisova	HL	chr1.89054418.89202534
O517_DA_C001KL9	O517_DA_C001KL9_hap2	chr1	89013000	89315000	1	88800562	89326878	302000	302000	1	303000	Archaic	0.9954	233	88	78	2	84	77	1.89013000.89315000	89127023	Denisova/Altai Neanderthal	Denisova	HL	chr1.89054418.89202534
O517_DA_C001KLA	O517_DA_C001KLA_hap2	chr1	89053000	89238000	1	88800562	89326878	185000	185000	1	186000	Archaic	0.96622	163	73	64	2	69	70	1.89053000.89238000	89127023	Denisova/Altai Neanderthal	ambiguous	HL	chr1.89054418.89202534
O517_DA_C001KLD	O517_DA_C001KLD_hap1	chr1	88997000	89315000	1	88800562	89326878	318000	318000	1	319000	Archaic	0.99297	241	87	77	2	82	77	1.88997000.89315000	89127023	Denisova/Altai Neanderthal	Denisova	HL	chr1.89054418.89202534
O517_DA_C001KLF	O517_DA_C001KLF_hap1	chr1	89052000	89237000	1	88800562	89326878	185000	185000	1	186000	Archaic	0.97426	168	71	64	2	67	68	1.89052000.89237000	89127023	Denisova/Altai Neanderthal	ambiguous	HL	chr1.89054418.89202534
O517_DA_C001KLG	O517_DA_C001KLG_hap2	chr1	88997000	89315000	1	88800562	89326878	318000	318000	1	319000	Archaic	0.99288	241	89	80	2	85	78	1.88997000.89315000	89127023	Denisova/Altai Neanderthal	Denisova	HL	chr1.89054418.89202534
O517_DA_C001KLH	O517_DA_C001KLH_hap2	chr1	89011000	89280000	1	88800562	89326878	269000	269000	1	270000	Archaic	0.99223	208	77	69	2	74	74	1.89011000.89280000	89127023	Denisova/Altai Neanderthal	ambiguous	HL	chr1.89054418.89202534
O517_DA_C001KLI	O517_DA_C001KLI_hap2	chr1	88997000	89315000	1	88800562	89326878	318000	318000	1	319000	Archaic	0.99198	233	83	75	2	78	73	1.88997000.89315000	89127023	Denisova/Altai Neanderthal	Denisova	HL	chr1.89054418.89202534
O517_DA_C001KLL	O517_DA_C001KLL_hap1	chr1	89011000	89280000	1	88800562	89326878	269000	269000	1	270000	Archaic	0.99223	214	80	71	2	76	77	1.89011000.89280000	89127023	Denisova/Altai Neanderthal	ambiguous	HL	chr1.89054418.89202534
O517_DA_C001KLL	O517_DA_C001KLL_hap2	chr1	89011000	89280000	1	88800562	89326878	269000	269000	1	270000	Archaic	0.9922	215	80	71	2	76	77	1.89011000.89280000	89127023	Denisova/Altai Neanderthal	ambiguous	HL	chr1.89054418.89202534
O517_DA_C001KLM	O517_DA_C001KLM_hap2	chr1	89049000	89238000	1	88800562	89326878	189000	189000	1	190000	Archaic	0.98487	171	74	65	2	70	71	1.89049000.89238000	89127023	Denisova/Altai Neanderthal	ambiguous	HL	chr1.89054418.89202534
O517_DA_C001KLO	O517_DA_C001KLO_hap1	chr1	88997000	89133000	1	88800562	89326878	136000	136000	1	137000	Archaic	0.98463	111	43	39	0	41	41	1.88997000.89133000	89127023	Denisova/Altai Neanderthal	ambiguous	HL	chr1.89054418.89202534
O517_DA_C001KLO	O517_DA_C001KLO_hap2	chr1	89133000	89315000	1	88800562	89326878	182000	182000	1	183000	Archaic	0.9936	125	43	38	2	40	34	1.89133000.89315000	89127023	Denisova/Altai Neanderthal	Denisova	HL	chr1.89054418.89202534
O517_DA_C001KLP	O517_DA_C001KLP_hap2	chr1	89011000	89280000	1	88800562	89326878	269000	269000	1	270000	Archaic	0.99018	211	80	71	2	76	77	1.89011000.89280000	89127023	Denisova/Altai Neanderthal	ambiguous	HL	chr1.89054418.89202534
O517_DA_C001KLQ	O517_DA_C001KLQ_hap1	chr1	88996000	89315000	1	88800562	89326878	319000	319000	1	320000	Archaic	0.99242	245	91	81	2	86	80	1.88996000.89315000	89127023	Denisova/Altai Neanderthal	Denisova	HL	chr1.89054418.89202534
O517_DA_C001KLQ	O517_DA_C001KLQ_hap2	chr1	88996000	89315000	1	88800562	89326878	319000	319000	1	320000	Archaic	0.99148	247	91	81	2	86	80	1.88996000.89315000	89127023	Denisova/Altai Neanderthal	Denisova	HL	chr1.89054418.89202534
O517_DA_C001KLR	O517_DA_C001KLR_hap1	chr1	89051000	89237000	1	88800562	89326878	186000	186000	1	187000	Archaic	0.97223	171	73	65	2	70	70	1.89051000.89237000	89127023	Denisova/Altai Neanderthal	ambiguous	HL	chr1.89054418.89202534
O517_DA_C001KLR	O517_DA_C001KLR_hap2	chr1	88997000	89280000	1	88800562	89326878	283000	283000	1	284000	Archaic	0.99206	224	83	74	2	78	80	1.88997000.89280000	89127023	Denisova/Altai Neanderthal	ambiguous	HL	chr1.89054418.89202534
O517_DA_C001KLS	O517_DA_C001KLS_hap1	chr1	89136000	89239000	1	88800562	89326878	103000	103000	1	104000	Archaic	0.96669	69	29	28	1	28	28	1.89136000.89239000	89127023	Denisova/Altai Neanderthal	ambiguous	HL	chr1.89054418.89202534
O517_DA_C001KLS	O517_DA_C001KLS_hap2	chr1	89053000	89141000	1	88800562	89326878	88000	88000	1	89000	Archaic	0.98803	100	42	35	0	40	40	1.89053000.89141000	89127023	Denisova/Altai Neanderthal	ambiguous	HL	chr1.89054418.89202534
O517_DA_C001KLT	O517_DA_C001KLT_hap1	chr1	88997000	89315000	1	88800562	89326878	318000	318000	1	319000	Archaic	0.98982	246	91	81	2	86	80	1.88997000.89315000	89127023	Denisova/Altai Neanderthal	Denisova	HL	chr1.89054418.89202534
O517_DA_C001KLU	O517_DA_C001KLU_hap1	chr1	88997000	89315000	1	88800562	89326878	318000	318000	1	319000	Archaic	0.99268	246	90	80	2	85	79	1.88997000.89315000	89127023	Denisova/Altai Neanderthal	Denisova	HL	chr1.89054418.89202534
O517_DA_C001KLU	O517_DA_C001KLU_hap2	chr1	88997000	89316000	1	88800562	89326878	319000	319000	1	320000	Archaic	0.99166	246	91	81	2	86	80	1.88997000.89316000	89127023	Denisova/Altai Neanderthal	Denisova	HL	chr1.89054418.89202534
O517_DA_C001KLV	O517_DA_C001KLV_hap1	chr1	89012000	89315000	1	88800562	89326878	303000	303000	1	304000	Archaic	0.99539	237	88	78	2	84	77	1.89012000.89315000	89127023	Denisova/Altai Neanderthal	Denisova	HL	chr1.89054418.89202534
O517_DA_C001KLV	O517_DA_C001KLV_hap2	chr1	89013000	89284000	1	88800562	89326878	271000	271000	1	272000	Archaic	0.99126	215	80	71	2	76	77	1.89013000.89284000	89127023	Denisova/Altai Neanderthal	ambiguous	HL	chr1.89054418.89202534
O517_DA_C001KLW	O517_DA_C001KLW_hap1	chr1	89051000	89236000	1	88800562	89326878	185000	185000	1	186000	Archaic	0.97396	173	75	66	2	71	72	1.89051000.89236000	89127023	Denisova/Altai Neanderthal	ambiguous	HL	chr1.89054418.89202534
O517_DA_C001KLW	O517_DA_C001KLW_hap2	chr1	89011000	89280000	1	88800562	89326878	269000	269000	1	270000	Archaic	0.99215	213	80	71	2	76	77	1.89011000.89280000	89127023	Denisova/Altai Neanderthal	ambiguous	HL	chr1.89054418.89202534
O517_DA_C001KLY	O517_DA_C001KLY_hap1	chr1	89013000	89284000	1	88800562	89326878	271000	271000	1	272000	Archaic	0.99127	214	80	71	2	76	77	1.89013000.89284000	89127023	Denisova/Altai Neanderthal	ambiguous	HL	chr1.89054418.89202534
O517_DA_C001KLY	O517_DA_C001KLY_hap2	chr1	88997000	89315000	1	88800562	89326878	318000	318000	1	319000	Archaic	0.99317	248	91	81	2	86	80	1.88997000.89315000	89127023	Denisova/Altai Neanderthal	Denisova	HL	chr1.89054418.89202534
O517_DA_C001KLZ	O517_DA_C001KLZ_hap1	chr1	89053000	89236000	1	88800562	89326878	183000	183000	1	184000	Archaic	0.97395	168	75	66	2	71	72	1.89053000.89236000	89127023	Denisova/Altai Neanderthal	ambiguous	HL	chr1.89054418.89202534
O517_DA_C001KM0	O517_DA_C001KM0_hap1	chr1	89014000	89315000	1	88800562	89326878	301000	301000	1	302000	Archaic	0.9841	223	88	78	2	84	77	1.89014000.89315000	89127023	Denisova/Altai Neanderthal	Denisova	HL	chr1.89054418.89202534
O517_DA_C001KM4	O517_DA_C001KM4_hap1	chr1	89012000	89315000	1	88800562	89326878	303000	303000	1	304000	Archaic	0.99547	239	88	78	2	84	77	1.89012000.89315000	89127023	Denisova/Altai Neanderthal	Denisova	HL	chr1.89054418.89202534
O517_DA_C001KM4	O517_DA_C001KM4_hap2	chr1	89012000	89315000	1	88800562	89326878	303000	303000	1	304000	Archaic	0.99547	239	88	78	2	84	77	1.89012000.89315000	89127023	Denisova/Altai Neanderthal	Denisova	HL	chr1.89054418.89202534
O517_DA_C001KM5	O517_DA_C001KM5_hap1	chr1	89039000	89318000	1	88800562	89326878	279000	279000	1	280000	Archaic	0.98823	211	84	74	2	80	73	1.89039000.89318000	89127023	Denisova/Altai Neanderthal	Denisova	HL	chr1.89054418.89202534
O517_DA_C001KM8	O517_DA_C001KM8_hap1	chr1	89013000	89280000	1	88800562	89326878	267000	267000	1	268000	Archaic	0.99266	214	80	71	2	76	77	1.89013000.89280000	89127023	Denisova/Altai Neanderthal	ambiguous	LL	chr1.89054418.89202534
O517_DA_C001KM8	O517_DA_C001KM8_hap2	chr1	89053000	89238000	1	88800562	89326878	185000	185000	1	186000	Archaic	0.99102	172	75	66	2	71	72	1.89053000.89238000	89127023	Denisova/Altai Neanderthal	ambiguous	LL	chr1.89054418.89202534
O517_DA_C001KMA	O517_DA_C001KMA_hap1	chr1	89011000	89238000	1	88800562	89326878	227000	227000	1	228000	Archaic	0.98646	201	78	69	2	74	75	1.89011000.89238000	89127023	Denisova/Altai Neanderthal	ambiguous	LL	chr1.89054418.89202534
O517_DA_C001KMA	O517_DA_C001KMA_hap2	chr1	89050000	89237000	1	88800562	89326878	187000	187000	1	188000	Archaic	0.97178	173	75	66	2	71	72	1.89050000.89237000	89127023	Denisova/Altai Neanderthal	ambiguous	LL	chr1.89054418.89202534
O517_DA_C001KMC	O517_DA_C001KMC_hap1	chr1	89053000	89236000	1	88800562	89326878	183000	183000	1	184000	Archaic	0.97375	171	75	66	2	71	72	1.89053000.89236000	89127023	Denisova/Altai Neanderthal	ambiguous	LL	chr1.89054418.89202534
O517_DA_C001KMC	O517_DA_C001KMC_hap2	chr1	89053000	89238000	1	88800562	89326878	185000	185000	1	186000	Archaic	0.98934	174	75	66	2	71	72	1.89053000.89238000	89127023	Denisova/Altai Neanderthal	ambiguous	LL	chr1.89054418.89202534
O517_DA_C001KMD	O517_DA_C001KMD_hap2	chr1	89089000	89237000	1	88800562	89326878	148000	148000	1	149000	Archaic	0.97592	141	64	55	2	61	61	1.89089000.89237000	89127023	Denisova/Altai Neanderthal	ambiguous	LL	chr1.89054418.89202534
O517_DA_C001KME	O517_DA_C001KME_hap1	chr1	89001000	89232000	1	88800562	89326878	231000	231000	1	232000	Archaic	0.98261	203	82	73	2	77	79	1.89001000.89232000	89127023	Denisova/Altai Neanderthal	ambiguous	LL	chr1.89054418.89202534
O517_DA_C001KME	O517_DA_C001KME_hap2	chr1	89049000	89237000	1	88800562	89326878	188000	188000	1	189000	Archaic	0.97884	173	75	66	2	71	72	1.89049000.89237000	89127023	Denisova/Altai Neanderthal	ambiguous	LL	chr1.89054418.89202534
O517_DA_C001KMF	O517_DA_C001KMF_hap1	chr1	89052000	89237000	1	88800562	89326878	185000	185000	1	186000	Archaic	0.97458	173	75	66	2	71	72	1.89052000.89237000	89127023	Denisova/Altai Neanderthal	ambiguous	LL	chr1.89054418.89202534
O517_DA_C001KMF	O517_DA_C001KMF_hap2	chr1	89050000	89237000	1	88800562	89326878	187000	187000	1	188000	Archaic	0.97292	173	75	66	2	71	72	1.89050000.89237000	89127023	Denisova/Altai Neanderthal	ambiguous	LL	chr1.89054418.89202534
O517_DA_C001KMG	O517_DA_C001KMG_hap1	chr1	89013000	89280000	1	88800562	89326878	267000	267000	1	268000	Archaic	0.99276	212	80	71	2	76	77	1.89013000.89280000	89127023	Denisova/Altai Neanderthal	ambiguous	LL	chr1.89054418.89202534
O517_DA_C001KMG	O517_DA_C001KMG_hap2	chr1	88996000	89317000	1	88800562	89326878	321000	321000	1	322000	Archaic	0.98947	244	91	81	2	86	80	1.88996000.89317000	89127023	Denisova/Altai Neanderthal	Denisova	LL	chr1.89054418.89202534
O517_DA_C001KMI	O517_DA_C001KMI_hap2	chr1	88997000	89273000	1	88800562	89326878	276000	276000	1	277000	Archaic	0.99057	221	83	74	2	78	80	1.88997000.89273000	89127023	Denisova/Altai Neanderthal	ambiguous	LL	chr1.89054418.89202534
O517_DA_C001KMJ	O517_DA_C001KMJ_hap1	chr1	89049000	89237000	1	88800562	89326878	188000	188000	1	189000	Archaic	0.97866	176	75	66	2	71	72	1.89049000.89237000	89127023	Denisova/Altai Neanderthal	ambiguous	LL	chr1.89054418.89202534
O517_DA_C001KMJ	O517_DA_C001KMJ_hap2	chr1	89001000	89232000	1	88800562	89326878	231000	231000	1	232000	Archaic	0.982	200	82	73	2	77	79	1.89001000.89232000	89127023	Denisova/Altai Neanderthal	ambiguous	LL	chr1.89054418.89202534
O517_DA_C001KMK	O517_DA_C001KMK_hap1	chr1	88996000	89280000	1	88800562	89326878	284000	284000	1	285000	Archaic	0.99251	219	77	68	2	73	74	1.88996000.89280000	89127023	Denisova/Altai Neanderthal	ambiguous	LL	chr1.89054418.89202534
O517_DA_C001KML	O517_DA_C001KML_hap1	chr1	89054000	89148000	1	88800562	89326878	94000	94000	1	95000	Archaic	0.9762	108	48	41	0	46	46	1.89054000.89148000	89127023	Denisova/Altai Neanderthal	ambiguous	LL	chr1.89054418.89202534
O517_DA_C001KML	O517_DA_C001KML_hap2	chr1	89115000	89315000	1	88800562	89326878	200000	200000	1	201000	Archaic	0.98624	148	60	54	2	57	51	1.89115000.89315000	89127023	Denisova/Altai Neanderthal	Denisova	LL	chr1.89054418.89202534
O517_DA_C001KMN	O517_DA_C001KMN_hap1	chr1	89053000	89237000	1	88800562	89326878	184000	184000	1	185000	Archaic	0.97402	172	75	66	2	71	72	1.89053000.89237000	89127023	Denisova/Altai Neanderthal	ambiguous	LL	chr1.89054418.89202534
O517_DA_C001KMN	O517_DA_C001KMN_hap2	chr1	89050000	89237000	1	88800562	89326878	187000	187000	1	188000	Archaic	0.97158	175	75	66	2	71	72	1.89050000.89237000	89127023	Denisova/Altai Neanderthal	ambiguous	LL	chr1.89054418.89202534
O517_DA_C001KMO	O517_DA_C001KMO_hap1	chr1	89118000	89219000	1	88800562	89326878	101000	101000	1	102000	Archaic	0.97685	110	51	45	2	48	48	1.89118000.89219000	89127023	Denisova/Altai Neanderthal	ambiguous	LL	chr1.89054418.89202534
O517_DA_C001KMP	O517_DA_C001KMP_hap1	chr1	88996000	89318000	1	88800562	89326878	322000	322000	1	323000	Archaic	0.98803	243	91	81	2	86	80	1.88996000.89318000	89127023	Denisova/Altai Neanderthal	Denisova	LL	chr1.89054418.89202534
O517_DA_C001KMP	O517_DA_C001KMP_hap2	chr1	89053000	89239000	1	88800562	89326878	186000	186000	1	187000	Archaic	0.98737	172	75	66	2	71	72	1.89053000.89239000	89127023	Denisova/Altai Neanderthal	ambiguous	LL	chr1.89054418.89202534
O517_DA_C001KMR	O517_DA_C001KMR_hap1	chr1	89048000	89236000	1	88800562	89326878	188000	188000	1	189000	Archaic	0.96343	170	75	66	2	71	72	1.89048000.89236000	89127023	Denisova/Altai Neanderthal	ambiguous	LL	chr1.89054418.89202534
O517_DA_C001KMU	O517_DA_C001KMU_hap1	chr1	89053000	89237000	1	88800562	89326878	184000	184000	1	185000	Archaic	0.96945	164	71	64	1	68	68	1.89053000.89237000	89127023	Denisova/Altai Neanderthal	ambiguous	LL	chr1.89054418.89202534
O517_DA_C001KMX	O517_DA_C001KMX_hap1	chr1	89051000	89239000	1	88800562	89326878	188000	188000	1	189000	Archaic	0.98724	176	75	66	2	71	72	1.89051000.89239000	89127023	Denisova/Altai Neanderthal	ambiguous	LL	chr1.89054418.89202534
O517_DA_C001KMX	O517_DA_C001KMX_hap2	chr1	89053000	89238000	1	88800562	89326878	185000	185000	1	186000	Archaic	0.98904	174	75	66	2	71	72	1.89053000.89238000	89127023	Denisova/Altai Neanderthal	ambiguous	LL	chr1.89054418.89202534
O517_DA_C001KMY	O517_DA_C001KMY_hap2	chr1	89052000	89240000	1	88800562	89326878	188000	188000	1	189000	Archaic	0.9854	171	75	66	2	71	72	1.89052000.89240000	89127023	Denisova/Altai Neanderthal	ambiguous	LL	chr1.89054418.89202534
O517_DA_C001KMZ	O517_DA_C001KMZ_hap1	chr1	89001000	89232000	1	88800562	89326878	231000	231000	1	232000	Archaic	0.98345	203	82	73	2	77	79	1.89001000.89232000	89127023	Denisova/Altai Neanderthal	ambiguous	LL	chr1.89054418.89202534
O517_DA_C001KMZ	O517_DA_C001KMZ_hap2	chr1	89049000	89237000	1	88800562	89326878	188000	188000	1	189000	Archaic	0.98012	174	75	66	2	71	72	1.89049000.89237000	89127023	Denisova/Altai Neanderthal	ambiguous	LL	chr1.89054418.89202534
O517_DA_C001KN0	O517_DA_C001KN0_hap1	chr1	89049000	89237000	1	88800562	89326878	188000	188000	1	189000	Archaic	0.97938	173	75	66	2	71	72	1.89049000.89237000	89127023	Denisova/Altai Neanderthal	ambiguous	LL	chr1.89054418.89202534
O517_DA_C001KN0	O517_DA_C001KN0_hap2	chr1	89053000	89237000	1	88800562	89326878	184000	184000	1	185000	Archaic	0.9732	171	75	66	2	71	72	1.89053000.89237000	89127023	Denisova/Altai Neanderthal	ambiguous	LL	chr1.89054418.89202534
O517_DA_C001KN2	O517_DA_C001KN2_hap1	chr1	89001000	89280000	1	88800562	89326878	279000	279000	1	280000	Archaic	0.99235	221	83	74	2	78	80	1.89001000.89280000	89127023	Denisova/Altai Neanderthal	ambiguous	LL	chr1.89054418.89202534
O517_DA_C001KN2	O517_DA_C001KN2_hap2	chr1	89118000	89237000	1	88800562	89326878	119000	119000	1	120000	Archaic	0.95788	115	53	47	2	50	50	1.89118000.89237000	89127023	Denisova/Altai Neanderthal	ambiguous	LL	chr1.89054418.89202534
O517_DA_C001KN3	O517_DA_C001KN3_hap1	chr1	89049000	89237000	1	88800562	89326878	188000	188000	1	189000	Archaic	0.97923	174	75	66	2	71	72	1.89049000.89237000	89127023	Denisova/Altai Neanderthal	ambiguous	LL	chr1.89054418.89202534
O517_DA_C001KN3	O517_DA_C001KN3_hap2	chr1	89001000	89233000	1	88800562	89326878	232000	232000	1	233000	Archaic	0.98276	202	82	73	2	77	79	1.89001000.89233000	89127023	Denisova/Altai Neanderthal	ambiguous	LL	chr1.89054418.89202534
O517_DA_C001KN6	O517_DA_C001KN6_hap1	chr1	89115000	89237000	1	88800562	89326878	122000	122000	1	123000	Archaic	0.95736	119	54	48	2	51	51	1.89115000.89237000	89127023	Denisova/Altai Neanderthal	ambiguous	LL	chr1.89054418.89202534
O517_DA_C001KN6	O517_DA_C001KN6_hap2	chr1	89067000	89278000	1	88800562	89326878	211000	211000	1	212000	Archaic	0.97964	181	72	63	2	68	69	1.89067000.89278000	89127023	Denisova/Altai Neanderthal	ambiguous	LL	chr1.89054418.89202534
O517_DA_C001KN7	O517_DA_C001KN7_hap1	chr1	89053000	89238000	1	88800562	89326878	185000	185000	1	186000	Archaic	0.98969	174	75	66	2	71	72	1.89053000.89238000	89127023	Denisova/Altai Neanderthal	ambiguous	LL	chr1.89054418.89202534
O517_DA_C001KN7	O517_DA_C001KN7_hap2	chr1	89053000	89238000	1	88800562	89326878	185000	185000	1	186000	Archaic	0.98974	175	75	66	2	71	72	1.89053000.89238000	89127023	Denisova/Altai Neanderthal	ambiguous	LL	chr1.89054418.89202534
O517_DA_C001KN8	O517_DA_C001KN8_hap2	chr1	89040000	89237000	1	88800562	89326878	197000	197000	1	198000	Archaic	0.97483	179	75	66	2	71	72	1.89040000.89237000	89127023	Denisova/Altai Neanderthal	ambiguous	LL	chr1.89054418.89202534
O517_DA_C001KN9	O517_DA_C001KN9_hap1	chr1	89001000	89232000	1	88800562	89326878	231000	231000	1	232000	Archaic	0.98358	201	82	73	2	77	79	1.89001000.89232000	89127023	Denisova/Altai Neanderthal	ambiguous	LL	chr1.89054418.89202534
O517_DA_C001KN9	O517_DA_C001KN9_hap2	chr1	88997000	89315000	1	88800562	89326878	318000	318000	1	319000	Archaic	0.99288	245	90	80	2	85	80	1.88997000.89315000	89127023	Denisova/Altai Neanderthal	Denisova	LL	chr1.89054418.89202534
O517_DA_C001KNA	O517_DA_C001KNA_hap1	chr1	89049000	89237000	1	88800562	89326878	188000	188000	1	189000	Archaic	0.98036	173	75	66	2	71	72	1.89049000.89237000	89127023	Denisova/Altai Neanderthal	ambiguous	LL	chr1.89054418.89202534
O517_DA_C001KNB	O517_DA_C001KNB_hap1	chr1	89114000	89280000	1	88800562	89326878	166000	166000	1	167000	Archaic	0.98411	131	55	49	2	52	52	1.89114000.89280000	89127023	Denisova/Altai Neanderthal	ambiguous	LL	chr1.89054418.89202534
O517_DA_C001KNB	O517_DA_C001KNB_hap2	chr1	89078000	89237000	1	88800562	89326878	159000	159000	1	160000	Archaic	0.96788	153	69	60	2	66	66	1.89078000.89237000	89127023	Denisova/Altai Neanderthal	ambiguous	LL	chr1.89054418.89202534
O517_DA_C001KNC	O517_DA_C001KNC_hap1	chr1	88997000	89238000	1	88800562	89326878	241000	241000	1	242000	Archaic	0.98339	208	82	73	2	77	79	1.88997000.89238000	89127023	Denisova/Altai Neanderthal	ambiguous	LL	chr1.89054418.89202534
O517_DA_C001KNC	O517_DA_C001KNC_hap2	chr1	89050000	89237000	1	88800562	89326878	187000	187000	1	188000	Archaic	0.97159	173	75	66	2	71	72	1.89050000.89237000	89127023	Denisova/Altai Neanderthal	ambiguous	LL	chr1.89054418.89202534
O517_DA_C001KNE	O517_DA_C001KNE_hap1	chr1	89064000	89232000	1	88800562	89326878	168000	168000	1	169000	Archaic	0.96839	164	72	64	2	68	69	1.89064000.89232000	89127023	Denisova/Altai Neanderthal	ambiguous	LL	chr1.89054418.89202534
O517_DA_C001KNG	O517_DA_C001KNG_hap1	chr1	88997000	89317000	1	88800562	89326878	320000	320000	1	321000	Archaic	0.99052	244	90	80	2	85	79	1.88997000.89317000	89127023	Denisova/Altai Neanderthal	Denisova	LL	chr1.89054418.89202534
O517_DA_C001KNG	O517_DA_C001KNG_hap2	chr1	89011000	89283000	1	88800562	89326878	272000	272000	1	273000	Archaic	0.98952	219	80	71	2	76	77	1.89011000.89283000	89127023	Denisova/Altai Neanderthal	ambiguous	LL	chr1.89054418.89202534
O517_DA_C001KNH	O517_DA_C001KNH_hap2	chr1	89118000	89236000	1	88800562	89326878	118000	118000	1	119000	Archaic	0.96063	108	52	46	2	49	49	1.89118000.89236000	89127023	Denisova/Altai Neanderthal	ambiguous	LL	chr1.89054418.89202534
O517_DA_C001KNJ	O517_DA_C001KNJ_hap2	chr1	89097000	89232000	1	88800562	89326878	135000	135000	1	136000	Archaic	0.96848	126	60	51	2	57	57	1.89097000.89232000	89127023	Denisova/Altai Neanderthal	ambiguous	LL	chr1.89054418.89202534
O517_DA_C001KNK	O517_DA_C001KNK_hap1	chr1	89049000	89237000	1	88800562	89326878	188000	188000	1	189000	Archaic	0.97898	173	75	66	2	71	72	1.89049000.89237000	89127023	Denisova/Altai Neanderthal	ambiguous	LL	chr1.89054418.89202534
O517_DA_C001KNK	O517_DA_C001KNK_hap2	chr1	89001000	89232000	1	88800562	89326878	231000	231000	1	232000	Archaic	0.98312	203	82	73	2	77	79	1.89001000.89232000	89127023	Denisova/Altai Neanderthal	ambiguous	LL	chr1.89054418.89202534
O517_DA_C001KNM	O517_DA_C001KNM_hap2	chr1	89090000	89245000	1	88800562	89326878	155000	155000	1	156000	Archaic	0.95903	140	62	54	2	59	59	1.89090000.89245000	89127023	Denisova/Altai Neanderthal	ambiguous	HL	chr1.89054418.89202534
O517_DA_C001KNN	O517_DA_C001KNN_hap2	chr1	89052000	89237000	1	88800562	89326878	185000	185000	1	186000	Archaic	0.97396	170	73	65	2	69	70	1.89052000.89237000	89127023	Denisova/Altai Neanderthal	ambiguous	HL	chr1.89054418.89202534
O517_DA_C001KNP	O517_DA_C001KNP_hap1	chr1	89012000	89317000	1	88800562	89326878	305000	305000	1	306000	Archaic	0.99349	238	88	78	2	84	77	1.89012000.89317000	89127023	Denisova/Altai Neanderthal	Denisova	HL	chr1.89054418.89202534
O517_DA_C001KNT	O517_DA_C001KNT_hap1	chr1	89011000	89280000	1	88800562	89326878	269000	269000	1	270000	Archaic	0.99186	209	78	69	2	74	75	1.89011000.89280000	89127023	Denisova/Altai Neanderthal	ambiguous	HL	chr1.89054418.89202534
O517_DA_C001PIT	O517_DA_C001PIT_hap1	chr1	88997000	89315000	1	88800562	89326878	318000	318000	1	319000	Archaic	0.99196	247	91	81	2	86	80	1.88997000.89315000	89127023	Denisova/Altai Neanderthal	Denisova	HL	chr1.89054418.89202534
O517_DA_C001PIV	O517_DA_C001PIV_hap1	chr1	89052000	89237000	1	88800562	89326878	185000	185000	1	186000	Archaic	0.97338	172	75	66	2	71	72	1.89052000.89237000	89127023	Denisova/Altai Neanderthal	ambiguous	HL	chr1.89054418.89202534
O517_DA_C001PIV	O517_DA_C001PIV_hap2	chr1	89011000	89284000	1	88800562	89326878	273000	273000	1	274000	Archaic	0.99067	217	80	71	2	76	77	1.89011000.89284000	89127023	Denisova/Altai Neanderthal	ambiguous	HL	chr1.89054418.89202534
O517_DA_C001PJ7	O517_DA_C001PJ7_hap1	chr1	89011000	89284000	1	88800562	89326878	273000	273000	1	274000	Archaic	0.99103	217	80	71	2	76	77	1.89011000.89284000	89127023	Denisova/Altai Neanderthal	ambiguous	HL	chr1.89054418.89202534
O517_DA_C001PJ7	O517_DA_C001PJ7_hap2	chr1	89011000	89280000	1	88800562	89326878	269000	269000	1	270000	Archaic	0.99254	214	80	71	2	76	77	1.89011000.89280000	89127023	Denisova/Altai Neanderthal	ambiguous	HL	chr1.89054418.89202534
O517_DA_C002DAV	O517_DA_C002DAV_hap1	chr1	89053000	89237000	1	88800562	89326878	184000	184000	1	185000	Archaic	0.97249	173	75	66	2	71	72	1.89053000.89237000	89127023	Denisova/Altai Neanderthal	ambiguous	LL	chr1.89054418.89202534
O517_DA_C002DAV	O517_DA_C002DAV_hap2	chr1	89053000	89237000	1	88800562	89326878	184000	184000	1	185000	Archaic	0.98249	172	75	66	2	71	72	1.89053000.89237000	89127023	Denisova/Altai Neanderthal	ambiguous	LL	chr1.89054418.89202534
O517_DA_C002DBK	O517_DA_C002DBK_hap2	chr1	88997000	89302000	1	88800562	89326878	305000	305000	1	306000	Archaic	0.98827	225	82	74	2	77	79	1.88997000.89302000	89127023	Denisova/Altai Neanderthal	ambiguous	HL	chr1.89054418.89202534
O517_DA_C002DBL	O517_DA_C002DBL_hap1	chr1	88997000	89315000	1	88800562	89326878	318000	318000	1	319000	Archaic	0.99297	246	90	80	2	85	79	1.88997000.89315000	89127023	Denisova/Altai Neanderthal	Denisova	HL	chr1.89054418.89202534
O517_DA_C002DBM	O517_DA_C002DBM_hap1	chr1	89051000	89236000	1	88800562	89326878	185000	185000	1	186000	Archaic	0.97344	173	75	66	2	71	72	1.89051000.89236000	89127023	Denisova/Altai Neanderthal	ambiguous	HL	chr1.89054418.89202534
O517_DA_C002DBN	O517_DA_C002DBN_hap1	chr1	89012000	89315000	1	88800562	89326878	303000	303000	1	304000	Archaic	0.99315	237	88	78	2	84	77	1.89012000.89315000	89127023	Denisova/Altai Neanderthal	Denisova	HL	chr1.89054418.89202534
O517_DA_C002DBS	O517_DA_C002DBS_hap2	chr1	89052000	89236000	1	88800562	89326878	184000	184000	1	185000	Archaic	0.97506	172	75	66	2	71	72	1.89052000.89236000	89127023	Denisova/Altai Neanderthal	ambiguous	HL	chr1.89054418.89202534
O517_DA_C002DBW	O517_DA_C002DBW_hap1	chr1	89049000	89280000	1	88800562	89326878	231000	231000	1	232000	Archaic	0.98671	187	75	66	2	71	72	1.89049000.89280000	89127023	Denisova/Altai Neanderthal	ambiguous	HL	chr1.89054418.89202534
O517_DA_C002DBX	O517_DA_C002DBX_hap2	chr1	89053000	89237000	1	88800562	89326878	184000	184000	1	185000	Archaic	0.97055	172	75	66	2	71	72	1.89053000.89237000	89127023	Denisova/Altai Neanderthal	ambiguous	HL	chr1.89054418.89202534
O517_DA_C002DCC	O517_DA_C002DCC_hap1	chr1	88997000	89118000	1	88800562	89326878	121000	121000	1	122000	Archaic	0.95938	78	25	23	0	23	25	1.88997000.89118000	89127023	Denisova/Altai Neanderthal	ambiguous	HL	chr1.89054418.89202534
O517_DA_C002DCC	O517_DA_C002DCC_hap2	chr1	89098000	89315000	1	88800562	89326878	217000	217000	1	218000	Archaic	0.99389	166	65	58	2	62	55	1.89098000.89315000	89127023	Denisova/Altai Neanderthal	Denisova	HL	chr1.89054418.89202534
O517_DA_C002DCX	O517_DA_C002DCX_hap1	chr1	88997000	89302000	1	88800562	89326878	305000	305000	1	306000	Archaic	0.98794	232	83	74	2	78	80	1.88997000.89302000	89127023	Denisova/Altai Neanderthal	ambiguous	HL	chr1.89054418.89202534
O517_DA_C002DCX	O517_DA_C002DCX_hap2	chr1	89011000	89284000	1	88800562	89326878	273000	273000	1	274000	Archaic	0.99052	217	80	71	2	76	77	1.89011000.89284000	89127023	Denisova/Altai Neanderthal	ambiguous	HL	chr1.89054418.89202534
O517_DA_C002DCZ	O517_DA_C002DCZ_hap2	chr1	89097000	89278000	1	88800562	89326878	181000	181000	1	182000	Archaic	0.96302	131	55	49	1	53	52	1.89097000.89278000	89127023	Denisova/Altai Neanderthal	Denisova	HL	chr1.89054418.89202534
O517_DA_C002DD4	O517_DA_C002DD4_hap1	chr1	89011000	89280000	1	88800562	89326878	269000	269000	1	270000	Archaic	0.99044	203	78	69	2	74	75	1.89011000.89280000	89127023	Denisova/Altai Neanderthal	ambiguous	HL	chr1.89054418.89202534
191121_FD09254746	191121_FD09254746_hap1	chr12	58455000	58543000	12	58391529	58634980	88000	88000	1	89000	Archaic	0.94272	41	2	1	1	1	1	12.58455000.58543000	58569336	Altai Neanderthal	ambiguous	LL	chr12.58451248.58568114
191121_FD09254746	191121_FD09254746_hap2	chr12	58465000	58559000	12	58391529	58634980	94000	94000	1	95000	Archaic	0.91446	43	2	1	1	1	1	12.58465000.58559000	58569336	Altai Neanderthal	ambiguous	LL	chr12.58451248.58568114
191121_FD09254747	191121_FD09254747_hap1	chr12	58462000	58546000	12	58391529	58634980	84000	84000	1	85000	Archaic	0.93606	40	2	1	1	1	1	12.58462000.58546000	58569336	Altai Neanderthal	ambiguous	LL	chr12.58451248.58568114
191121_FD09254747	191121_FD09254747_hap2	chr12	58464000	58543000	12	58391529	58634980	79000	79000	1	80000	Archaic	0.9493	38	2	1	1	1	1	12.58464000.58543000	58569336	Altai Neanderthal	ambiguous	LL	chr12.58451248.58568114
191121_FD09254755	191121_FD09254755_hap1	chr12	58464000	58542000	12	58391529	58634980	78000	78000	1	79000	Archaic	0.95551	40	2	1	1	1	1	12.58464000.58542000	58569336	Altai Neanderthal	ambiguous	LL	chr12.58451248.58568114
191121_FD09254755	191121_FD09254755_hap2	chr12	58464000	58544000	12	58391529	58634980	80000	80000	1	81000	Archaic	0.94595	38	2	1	1	1	1	12.58464000.58544000	58569336	Altai Neanderthal	ambiguous	LL	chr12.58451248.58568114
191121_FD09254756	191121_FD09254756_hap1	chr12	58465000	58543000	12	58391529	58634980	78000	78000	1	79000	Archaic	0.95242	39	2	1	1	1	1	12.58465000.58543000	58569336	Altai Neanderthal	ambiguous	LL	chr12.58451248.58568114
191121_FD09254756	191121_FD09254756_hap2	chr12	58465000	58547000	12	58391529	58634980	82000	82000	1	83000	Archaic	0.94748	42	2	1	1	1	1	12.58465000.58547000	58569336	Altai Neanderthal	ambiguous	LL	chr12.58451248.58568114
191121_FD09254762	191121_FD09254762_hap2	chr12	58465000	58543000	12	58391529	58634980	78000	78000	1	79000	Archaic	0.95379	38	2	1	1	1	1	12.58465000.58543000	58569336	Altai Neanderthal	ambiguous	LL	chr12.58451248.58568114
191121_FD09254763	191121_FD09254763_hap1	chr12	58459000	58543000	12	58391529	58634980	84000	84000	1	85000	Archaic	0.93461	38	2	1	1	1	1	12.58459000.58543000	58569336	Altai Neanderthal	ambiguous	LL	chr12.58451248.58568114
191121_FD09254763	191121_FD09254763_hap2	chr12	58465000	58543000	12	58391529	58634980	78000	78000	1	79000	Archaic	0.9538	38	2	1	1	1	1	12.58465000.58543000	58569336	Altai Neanderthal	ambiguous	LL	chr12.58451248.58568114
191121_FD09254788	191121_FD09254788_hap1	chr12	58426000	58543000	12	58391529	58634980	117000	117000	1	118000	Archaic	0.94961	44	2	1	1	1	1	12.58426000.58543000	58569336	Altai Neanderthal	ambiguous	LL	chr12.58451248.58568114
191121_FD09254793	191121_FD09254793_hap2	chr12	58465000	58548000	12	58391529	58634980	83000	83000	1	84000	Archaic	0.93438	40	2	1	1	1	1	12.58465000.58548000	58569336	Altai Neanderthal	ambiguous	LL	chr12.58451248.58568114
191121_FD09254794	191121_FD09254794_hap1	chr12	58483000	58547000	12	58391529	58634980	64000	64000	1	65000	Archaic	0.96473	34	2	1	1	1	1	12.58483000.58547000	58569336	Altai Neanderthal	ambiguous	LL	chr12.58451248.58568114
191121_FD09254794	191121_FD09254794_hap2	chr12	58465000	58542000	12	58391529	58634980	77000	77000	1	78000	Archaic	0.95338	40	2	1	1	1	1	12.58465000.58542000	58569336	Altai Neanderthal	ambiguous	LL	chr12.58451248.58568114
191121_FD09254795	191121_FD09254795_hap1	chr12	58469000	58550000	12	58391529	58634980	81000	81000	1	82000	Archaic	0.94395	36	2	1	1	1	1	12.58469000.58550000	58569336	Altai Neanderthal	ambiguous	LL	chr12.58451248.58568114
191121_FD09254795	191121_FD09254795_hap2	chr12	58450000	58548000	12	58391529	58634980	98000	98000	1	99000	Archaic	0.95114	44	2	1	1	1	1	12.58450000.58548000	58569336	Altai Neanderthal	ambiguous	LL	chr12.58451248.58568114
191121_FD09254801	191121_FD09254801_hap2	chr12	58464000	58545000	12	58391529	58634980	81000	81000	1	82000	Archaic	0.94516	41	2	1	1	1	1	12.58464000.58545000	58569336	Altai Neanderthal	ambiguous	LL	chr12.58451248.58568114
191121_FD09254803	191121_FD09254803_hap1	chr12	58464000	58544000	12	58391529	58634980	80000	80000	1	81000	Archaic	0.94791	38	2	1	1	1	1	12.58464000.58544000	58569336	Altai Neanderthal	ambiguous	LL	chr12.58451248.58568114
191121_FD09254803	191121_FD09254803_hap2	chr12	58464000	58544000	12	58391529	58634980	80000	80000	1	81000	Archaic	0.9479	37	2	1	1	1	1	12.58464000.58544000	58569336	Altai Neanderthal	ambiguous	LL	chr12.58451248.58568114
191121_FD09254809	191121_FD09254809_hap1	chr12	58465000	58549000	12	58391529	58634980	84000	84000	1	85000	Archaic	0.93016	39	2	1	1	1	1	12.58465000.58549000	58569336	Altai Neanderthal	ambiguous	LL	chr12.58451248.58568114
191121_FD09254809	191121_FD09254809_hap2	chr12	58465000	58543000	12	58391529	58634980	78000	78000	1	79000	Archaic	0.95387	39	2	1	1	1	1	12.58465000.58543000	58569336	Altai Neanderthal	ambiguous	LL	chr12.58451248.58568114
191121_FD09254811	191121_FD09254811_hap1	chr12	58449000	58579000	12	58391529	58634980	130000	130000	1	131000	Archaic	0.98849	48	32	28	30	0	31	12.58449000.58579000	58569336	Altai Neanderthal	Neandertal	LL	chr12.58451248.58568114
191121_FD09254812	191121_FD09254812_hap1	chr12	58398000	58578000	12	58391529	58634980	180000	180000	1	181000	Archaic	0.97422	67	13	12	10	1	12	12.58398000.58578000	58569336	Altai Neanderthal	Neandertal	LL	chr12.58451248.58568114
191121_FD09254820	191121_FD09254820_hap1	chr12	58464000	58547000	12	58391529	58634980	83000	83000	1	84000	Archaic	0.94807	40	2	1	1	1	1	12.58464000.58547000	58569336	Altai Neanderthal	ambiguous	LL	chr12.58451248.58568114
191121_FD09254820	191121_FD09254820_hap2	chr12	58464000	58544000	12	58391529	58634980	80000	80000	1	81000	Archaic	0.94905	39	2	1	1	1	1	12.58464000.58544000	58569336	Altai Neanderthal	ambiguous	LL	chr12.58451248.58568114
191121_FD09254825	191121_FD09254825_hap2	chr12	58464000	58544000	12	58391529	58634980	80000	80000	1	81000	Archaic	0.94769	38	2	1	1	1	1	12.58464000.58544000	58569336	Altai Neanderthal	ambiguous	LL	chr12.58451248.58568114
191121_FD09254826	191121_FD09254826_hap1	chr12	58462000	58543000	12	58391529	58634980	81000	81000	1	82000	Archaic	0.95422	38	4	2	3	1	3	12.58462000.58543000	58569336	Altai Neanderthal	Neandertal	LL	chr12.58451248.58568114
191121_FD09254833	191121_FD09254833_hap1	chr12	58447000	58557000	12	58391529	58634980	110000	110000	1	111000	Archaic	0.9617	51	9	6	8	1	8	12.58447000.58557000	58569336	Altai Neanderthal	Neandertal	LL	chr12.58451248.58568114
191121_FD09254833	191121_FD09254833_hap2	chr12	58464000	58579000	12	58391529	58634980	115000	115000	1	116000	Archaic	0.9614	42	25	23	23	0	24	12.58464000.58579000	58569336	Altai Neanderthal	Neandertal	LL	chr12.58451248.58568114
191121_FD09254834	191121_FD09254834_hap2	chr12	58450000	58542000	12	58391529	58634980	92000	92000	1	93000	Archaic	0.98991	39	22	20	21	0	21	12.58450000.58542000	58569336	Altai Neanderthal	Neandertal	LL	chr12.58451248.58568114
O517_DA_C001KL3	O517_DA_C001KL3_hap2	chr12	58453000	58543000	12	58391529	58634980	90000	90000	1	91000	Archaic	0.91238	39	2	1	1	1	1	12.58453000.58543000	58569336	Altai Neanderthal	ambiguous	HL	chr12.58451248.58568114
O517_DA_C001KL4	O517_DA_C001KL4_hap1	chr12	58398000	58544000	12	58391529	58634980	146000	146000	1	147000	Archaic	0.97646	57	6	5	4	1	5	12.58398000.58544000	58569336	Altai Neanderthal	Neandertal	HL	chr12.58451248.58568114
O517_DA_C001KL4	O517_DA_C001KL4_hap2	chr12	58464000	58543000	12	58391529	58634980	79000	79000	1	80000	Archaic	0.94893	38	2	1	1	1	1	12.58464000.58543000	58569336	Altai Neanderthal	ambiguous	HL	chr12.58451248.58568114
O517_DA_C001KL7	O517_DA_C001KL7_hap1	chr12	58464000	58544000	12	58391529	58634980	80000	80000	1	81000	Archaic	0.94622	38	2	1	1	1	1	12.58464000.58544000	58569336	Altai Neanderthal	ambiguous	HL	chr12.58451248.58568114
O517_DA_C001KLA	O517_DA_C001KLA_hap2	chr12	58460000	58547000	12	58391529	58634980	87000	87000	1	88000	Archaic	0.93518	39	1	0	0	1	0	12.58460000.58547000	58569336	Altai Neanderthal	Denisova	HL	chr12.58451248.58568114
O517_DA_C001KLC	O517_DA_C001KLC_hap2	chr12	58451000	58544000	12	58391529	58634980	93000	93000	1	94000	Archaic	0.90403	40	2	1	1	1	1	12.58451000.58544000	58569336	Altai Neanderthal	ambiguous	HL	chr12.58451248.58568114
O517_DA_C001KLE	O517_DA_C001KLE_hap1	chr12	58464000	58543000	12	58391529	58634980	79000	79000	1	80000	Archaic	0.95212	38	2	1	1	1	1	12.58464000.58543000	58569336	Altai Neanderthal	ambiguous	HL	chr12.58451248.58568114
O517_DA_C001KLE	O517_DA_C001KLE_hap2	chr12	58397000	58544000	12	58391529	58634980	147000	147000	1	148000	Archaic	0.97817	57	6	5	4	1	5	12.58397000.58544000	58569336	Altai Neanderthal	Neandertal	HL	chr12.58451248.58568114
O517_DA_C001KLF	O517_DA_C001KLF_hap2	chr12	58464000	58577000	12	58391529	58634980	113000	113000	1	114000	Archaic	0.89777	46	3	2	2	1	2	12.58464000.58577000	58569336	Altai Neanderthal	Neandertal	HL	chr12.58451248.58568114
O517_DA_C001KLG	O517_DA_C001KLG_hap2	chr12	58442000	58542000	12	58391529	58634980	100000	100000	1	101000	Archaic	0.91881	44	2	1	1	1	1	12.58442000.58542000	58569336	Altai Neanderthal	ambiguous	HL	chr12.58451248.58568114
O517_DA_C001KLH	O517_DA_C001KLH_hap1	chr12	58464000	58543000	12	58391529	58634980	79000	79000	1	80000	Archaic	0.94942	40	2	1	1	1	1	12.58464000.58543000	58569336	Altai Neanderthal	ambiguous	HL	chr12.58451248.58568114
O517_DA_C001KLH	O517_DA_C001KLH_hap2	chr12	58465000	58543000	12	58391529	58634980	78000	78000	1	79000	Archaic	0.95657	38	2	1	1	1	1	12.58465000.58543000	58569336	Altai Neanderthal	ambiguous	HL	chr12.58451248.58568114
O517_DA_C001KLI	O517_DA_C001KLI_hap1	chr12	58464000	58544000	12	58391529	58634980	80000	80000	1	81000	Archaic	0.94857	38	2	1	1	1	1	12.58464000.58544000	58569336	Altai Neanderthal	ambiguous	HL	chr12.58451248.58568114
O517_DA_C001KLI	O517_DA_C001KLI_hap2	chr12	58461000	58544000	12	58391529	58634980	83000	83000	1	84000	Archaic	0.94086	38	2	1	1	1	1	12.58461000.58544000	58569336	Altai Neanderthal	ambiguous	HL	chr12.58451248.58568114
O517_DA_C001KLK	O517_DA_C001KLK_hap1	chr12	58464000	58542000	12	58391529	58634980	78000	78000	1	79000	Archaic	0.95656	40	2	1	1	1	1	12.58464000.58542000	58569336	Altai Neanderthal	ambiguous	HL	chr12.58451248.58568114
O517_DA_C001KLL	O517_DA_C001KLL_hap1	chr12	58451000	58543000	12	58391529	58634980	92000	92000	1	93000	Archaic	0.90813	40	2	1	1	1	1	12.58451000.58543000	58569336	Altai Neanderthal	ambiguous	HL	chr12.58451248.58568114
O517_DA_C001KLL	O517_DA_C001KLL_hap2	chr12	58450000	58544000	12	58391529	58634980	94000	94000	1	95000	Archaic	0.95062	41	2	1	1	1	1	12.58450000.58544000	58569336	Altai Neanderthal	ambiguous	HL	chr12.58451248.58568114
O517_DA_C001KLN	O517_DA_C001KLN_hap1	chr12	58451000	58544000	12	58391529	58634980	93000	93000	1	94000	Archaic	0.91024	40	2	1	1	1	1	12.58451000.58544000	58569336	Altai Neanderthal	ambiguous	HL	chr12.58451248.58568114
O517_DA_C001KLN	O517_DA_C001KLN_hap2	chr12	58464000	58544000	12	58391529	58634980	80000	80000	1	81000	Archaic	0.94987	38	2	1	1	1	1	12.58464000.58544000	58569336	Altai Neanderthal	ambiguous	HL	chr12.58451248.58568114
O517_DA_C001KLO	O517_DA_C001KLO_hap2	chr12	58464000	58543000	12	58391529	58634980	79000	79000	1	80000	Archaic	0.95144	38	2	1	1	1	1	12.58464000.58543000	58569336	Altai Neanderthal	ambiguous	HL	chr12.58451248.58568114
O517_DA_C001KLP	O517_DA_C001KLP_hap1	chr12	58449000	58578000	12	58391529	58634980	129000	129000	1	130000	Archaic	0.99139	47	31	27	30	0	30	12.58449000.58578000	58569336	Altai Neanderthal	Neandertal	HL	chr12.58451248.58568114
O517_DA_C001KLQ	O517_DA_C001KLQ_hap1	chr12	58455000	58544000	12	58391529	58634980	89000	89000	1	90000	Archaic	0.91445	38	2	1	1	1	1	12.58455000.58544000	58569336	Altai Neanderthal	ambiguous	HL	chr12.58451248.58568114
O517_DA_C001KLQ	O517_DA_C001KLQ_hap2	chr12	58451000	58544000	12	58391529	58634980	93000	93000	1	94000	Archaic	0.91124	40	2	1	1	1	1	12.58451000.58544000	58569336	Altai Neanderthal	ambiguous	HL	chr12.58451248.58568114
O517_DA_C001KLS	O517_DA_C001KLS_hap1	chr12	58455000	58562000	12	58391529	58634980	107000	107000	1	108000	Archaic	0.91426	46	2	1	1	1	1	12.58455000.58562000	58569336	Altai Neanderthal	ambiguous	HL	chr12.58451248.58568114
O517_DA_C001KLS	O517_DA_C001KLS_hap2	chr12	58464000	58544000	12	58391529	58634980	80000	80000	1	81000	Archaic	0.94912	38	2	1	1	1	1	12.58464000.58544000	58569336	Altai Neanderthal	ambiguous	HL	chr12.58451248.58568114
O517_DA_C001KLT	O517_DA_C001KLT_hap2	chr12	58465000	58549000	12	58391529	58634980	84000	84000	1	85000	Archaic	0.93015	37	2	1	1	1	1	12.58465000.58549000	58569336	Altai Neanderthal	ambiguous	HL	chr12.58451248.58568114
O517_DA_C001KLU	O517_DA_C001KLU_hap1	chr12	58463000	58542000	12	58391529	58634980	79000	79000	1	80000	Archaic	0.96051	41	2	1	1	1	1	12.58463000.58542000	58569336	Altai Neanderthal	ambiguous	HL	chr12.58451248.58568114
O517_DA_C001KLU	O517_DA_C001KLU_hap2	chr12	58465000	58543000	12	58391529	58634980	78000	78000	1	79000	Archaic	0.95239	39	2	1	1	1	1	12.58465000.58543000	58569336	Altai Neanderthal	ambiguous	HL	chr12.58451248.58568114
O517_DA_C001KLV	O517_DA_C001KLV_hap2	chr12	58442000	58543000	12	58391529	58634980	101000	101000	1	102000	Archaic	0.91646	43	2	1	1	1	1	12.58442000.58543000	58569336	Altai Neanderthal	ambiguous	HL	chr12.58451248.58568114
O517_DA_C001KLW	O517_DA_C001KLW_hap2	chr12	58452000	58544000	12	58391529	58634980	92000	92000	1	93000	Archaic	0.90554	39	2	1	1	1	1	12.58452000.58544000	58569336	Altai Neanderthal	ambiguous	HL	chr12.58451248.58568114
O517_DA_C001KLX	O517_DA_C001KLX_hap1	chr12	58450000	58543000	12	58391529	58634980	93000	93000	1	94000	Archaic	0.95129	41	2	1	1	1	1	12.58450000.58543000	58569336	Altai Neanderthal	ambiguous	HL	chr12.58451248.58568114
O517_DA_C001KLY	O517_DA_C001KLY_hap1	chr12	58449000	58544000	12	58391529	58634980	95000	95000	1	96000	Archaic	0.90979	40	2	1	1	1	1	12.58449000.58544000	58569336	Altai Neanderthal	ambiguous	HL	chr12.58451248.58568114
O517_DA_C001KLY	O517_DA_C001KLY_hap2	chr12	58462000	58547000	12	58391529	58634980	85000	85000	1	86000	Archaic	0.94227	40	2	1	1	1	1	12.58462000.58547000	58569336	Altai Neanderthal	ambiguous	HL	chr12.58451248.58568114
O517_DA_C001KLZ	O517_DA_C001KLZ_hap1	chr12	58449000	58579000	12	58391529	58634980	130000	130000	1	131000	Archaic	0.9883	51	33	29	31	0	32	12.58449000.58579000	58569336	Altai Neanderthal	Neandertal	HL	chr12.58451248.58568114
O517_DA_C001KLZ	O517_DA_C001KLZ_hap2	chr12	58465000	58550000	12	58391529	58634980	85000	85000	1	86000	Archaic	0.92578	37	2	1	1	1	1	12.58465000.58550000	58569336	Altai Neanderthal	ambiguous	HL	chr12.58451248.58568114
O517_DA_C001KM0	O517_DA_C001KM0_hap1	chr12	58464000	58543000	12	58391529	58634980	79000	79000	1	80000	Archaic	0.9531	38	2	1	1	1	1	12.58464000.58543000	58569336	Altai Neanderthal	ambiguous	HL	chr12.58451248.58568114
O517_DA_C001KM0	O517_DA_C001KM0_hap2	chr12	58464000	58543000	12	58391529	58634980	79000	79000	1	80000	Archaic	0.95354	38	2	1	1	1	1	12.58464000.58543000	58569336	Altai Neanderthal	ambiguous	HL	chr12.58451248.58568114
O517_DA_C001KM4	O517_DA_C001KM4_hap1	chr12	58464000	58543000	12	58391529	58634980	79000	79000	1	80000	Archaic	0.94947	38	2	1	1	1	1	12.58464000.58543000	58569336	Altai Neanderthal	ambiguous	HL	chr12.58451248.58568114
O517_DA_C001KM4	O517_DA_C001KM4_hap2	chr12	58464000	58543000	12	58391529	58634980	79000	79000	1	80000	Archaic	0.94983	38	2	1	1	1	1	12.58464000.58543000	58569336	Altai Neanderthal	ambiguous	HL	chr12.58451248.58568114
O517_DA_C001KM5	O517_DA_C001KM5_hap2	chr12	58464000	58543000	12	58391529	58634980	79000	79000	1	80000	Archaic	0.95174	38	2	1	1	1	1	12.58464000.58543000	58569336	Altai Neanderthal	ambiguous	HL	chr12.58451248.58568114
O517_DA_C001KM6	O517_DA_C001KM6_hap1	chr12	58464000	58543000	12	58391529	58634980	79000	79000	1	80000	Archaic	0.94973	38	2	1	1	1	1	12.58464000.58543000	58569336	Altai Neanderthal	ambiguous	HL	chr12.58451248.58568114
O517_DA_C001KMC	O517_DA_C001KMC_hap2	chr12	58465000	58546000	12	58391529	58634980	81000	81000	1	82000	Archaic	0.94379	39	2	1	1	1	1	12.58465000.58546000	58569336	Altai Neanderthal	ambiguous	LL	chr12.58451248.58568114
O517_DA_C001KMD	O517_DA_C001KMD_hap2	chr12	58448000	58543000	12	58391529	58634980	95000	95000	1	96000	Archaic	0.92153	40	2	1	1	1	1	12.58448000.58543000	58569336	Altai Neanderthal	ambiguous	LL	chr12.58451248.58568114
O517_DA_C001KME	O517_DA_C001KME_hap1	chr12	58463000	58542000	12	58391529	58634980	79000	79000	1	80000	Archaic	0.96286	42	2	1	1	1	1	12.58463000.58542000	58569336	Altai Neanderthal	ambiguous	LL	chr12.58451248.58568114
O517_DA_C001KMI	O517_DA_C001KMI_hap1	chr12	58449000	58578000	12	58391529	58634980	129000	129000	1	130000	Archaic	0.99202	50	32	29	30	0	31	12.58449000.58578000	58569336	Altai Neanderthal	Neandertal	LL	chr12.58451248.58568114
O517_DA_C001KMI	O517_DA_C001KMI_hap2	chr12	58465000	58548000	12	58391529	58634980	83000	83000	1	84000	Archaic	0.94653	41	2	1	1	1	1	12.58465000.58548000	58569336	Altai Neanderthal	ambiguous	LL	chr12.58451248.58568114
O517_DA_C001KMJ	O517_DA_C001KMJ_hap1	chr12	58465000	58543000	12	58391529	58634980	78000	78000	1	79000	Archaic	0.95562	38	2	1	1	1	1	12.58465000.58543000	58569336	Altai Neanderthal	ambiguous	LL	chr12.58451248.58568114
O517_DA_C001KMK	O517_DA_C001KMK_hap1	chr12	58454000	58569000	12	58391529	58634980	115000	115000	1	116000	Archaic	0.84606	43	2	1	1	1	1	12.58454000.58569000	58569336	Altai Neanderthal	ambiguous	LL	chr12.58451248.58568114
O517_DA_C001KMK	O517_DA_C001KMK_hap2	chr12	58454000	58544000	12	58391529	58634980	90000	90000	1	91000	Archaic	0.91537	39	2	1	1	1	1	12.58454000.58544000	58569336	Altai Neanderthal	ambiguous	LL	chr12.58451248.58568114
O517_DA_C001KML	O517_DA_C001KML_hap1	chr12	58474000	58543000	12	58391529	58634980	69000	69000	1	70000	Archaic	0.97983	32	2	1	1	1	1	12.58474000.58543000	58569336	Altai Neanderthal	ambiguous	LL	chr12.58451248.58568114
O517_DA_C001KMN	O517_DA_C001KMN_hap1	chr12	58472000	58547000	12	58391529	58634980	75000	75000	1	76000	Archaic	0.96438	38	2	1	1	1	1	12.58472000.58547000	58569336	Altai Neanderthal	ambiguous	LL	chr12.58451248.58568114
O517_DA_C001KMP	O517_DA_C001KMP_hap2	chr12	58464000	58543000	12	58391529	58634980	79000	79000	1	80000	Archaic	0.95403	38	2	1	1	1	1	12.58464000.58543000	58569336	Altai Neanderthal	ambiguous	LL	chr12.58451248.58568114
O517_DA_C001KMR	O517_DA_C001KMR_hap2	chr12	58471000	58542000	12	58391529	58634980	71000	71000	1	72000	Archaic	0.98917	40	2	1	1	1	1	12.58471000.58542000	58569336	Altai Neanderthal	ambiguous	LL	chr12.58451248.58568114
O517_DA_C001KMU	O517_DA_C001KMU_hap1	chr12	58464000	58551000	12	58391529	58634980	87000	87000	1	88000	Archaic	0.92092	39	2	1	1	1	1	12.58464000.58551000	58569336	Altai Neanderthal	ambiguous	LL	chr12.58451248.58568114
O517_DA_C001KMX	O517_DA_C001KMX_hap1	chr12	58464000	58547000	12	58391529	58634980	83000	83000	1	84000	Archaic	0.94899	39	3	2	2	1	2	12.58464000.58547000	58569336	Altai Neanderthal	Neandertal	LL	chr12.58451248.58568114
O517_DA_C001KMZ	O517_DA_C001KMZ_hap1	chr12	58464000	58551000	12	58391529	58634980	87000	87000	1	88000	Archaic	0.91978	41	2	1	1	1	1	12.58464000.58551000	58569336	Altai Neanderthal	ambiguous	LL	chr12.58451248.58568114
O517_DA_C001KMZ	O517_DA_C001KMZ_hap2	chr12	58464000	58548000	12	58391529	58634980	84000	84000	1	85000	Archaic	0.93271	40	2	1	1	1	1	12.58464000.58548000	58569336	Altai Neanderthal	ambiguous	LL	chr12.58451248.58568114
O517_DA_C001KN0	O517_DA_C001KN0_hap2	chr12	58474000	58542000	12	58391529	58634980	68000	68000	1	69000	Archaic	0.98934	34	2	1	1	1	1	12.58474000.58542000	58569336	Altai Neanderthal	ambiguous	LL	chr12.58451248.58568114
O517_DA_C001KN2	O517_DA_C001KN2_hap1	chr12	58451000	58547000	12	58391529	58634980	96000	96000	1	97000	Archaic	0.90709	43	2	1	1	1	1	12.58451000.58547000	58569336	Altai Neanderthal	ambiguous	LL	chr12.58451248.58568114
O517_DA_C001KN3	O517_DA_C001KN3_hap2	chr12	58464000	58544000	12	58391529	58634980	80000	80000	1	81000	Archaic	0.94805	38	2	1	1	1	1	12.58464000.58544000	58569336	Altai Neanderthal	ambiguous	LL	chr12.58451248.58568114
O517_DA_C001KN6	O517_DA_C001KN6_hap1	chr12	58460000	58561000	12	58391529	58634980	101000	101000	1	102000	Archaic	0.92812	44	2	1	1	1	1	12.58460000.58561000	58569336	Altai Neanderthal	ambiguous	LL	chr12.58451248.58568114
O517_DA_C001KN6	O517_DA_C001KN6_hap2	chr12	58464000	58547000	12	58391529	58634980	83000	83000	1	84000	Archaic	0.95044	42	2	1	1	1	1	12.58464000.58547000	58569336	Altai Neanderthal	ambiguous	LL	chr12.58451248.58568114
O517_DA_C001KN7	O517_DA_C001KN7_hap2	chr12	58464000	58544000	12	58391529	58634980	80000	80000	1	81000	Archaic	0.94604	37	2	1	1	1	1	12.58464000.58544000	58569336	Altai Neanderthal	ambiguous	LL	chr12.58451248.58568114
O517_DA_C001KN9	O517_DA_C001KN9_hap2	chr12	58464000	58544000	12	58391529	58634980	80000	80000	1	81000	Archaic	0.94824	39	2	1	1	1	1	12.58464000.58544000	58569336	Altai Neanderthal	ambiguous	LL	chr12.58451248.58568114
O517_DA_C001KNB	O517_DA_C001KNB_hap1	chr12	58463000	58543000	12	58391529	58634980	80000	80000	1	81000	Archaic	0.94919	40	2	1	1	1	1	12.58463000.58543000	58569336	Altai Neanderthal	ambiguous	LL	chr12.58451248.58568114
O517_DA_C001KNB	O517_DA_C001KNB_hap2	chr12	58409000	58578000	12	58391529	58634980	169000	169000	1	170000	Archaic	0.98859	69	36	32	33	0	35	12.58409000.58578000	58569336	Altai Neanderthal	Neandertal	LL	chr12.58451248.58568114
O517_DA_C001KNC	O517_DA_C001KNC_hap1	chr12	58464000	58547000	12	58391529	58634980	83000	83000	1	84000	Archaic	0.94735	42	2	1	1	1	1	12.58464000.58547000	58569336	Altai Neanderthal	ambiguous	LL	chr12.58451248.58568114
O517_DA_C001KNG	O517_DA_C001KNG_hap2	chr12	58464000	58546000	12	58391529	58634980	82000	82000	1	83000	Archaic	0.94874	41	2	1	1	1	1	12.58464000.58546000	58569336	Altai Neanderthal	ambiguous	LL	chr12.58451248.58568114
O517_DA_C001KNM	O517_DA_C001KNM_hap2	chr12	58451000	58544000	12	58391529	58634980	93000	93000	1	94000	Archaic	0.90589	40	2	1	1	1	1	12.58451000.58544000	58569336	Altai Neanderthal	ambiguous	HL	chr12.58451248.58568114
O517_DA_C001KNN	O517_DA_C001KNN_hap1	chr12	58451000	58544000	12	58391529	58634980	93000	93000	1	94000	Archaic	0.9055	40	2	1	1	1	1	12.58451000.58544000	58569336	Altai Neanderthal	ambiguous	HL	chr12.58451248.58568114
O517_DA_C001KNN	O517_DA_C001KNN_hap2	chr12	58464000	58543000	12	58391529	58634980	79000	79000	1	80000	Archaic	0.95145	39	2	1	1	1	1	12.58464000.58543000	58569336	Altai Neanderthal	ambiguous	HL	chr12.58451248.58568114
O517_DA_C001KNP	O517_DA_C001KNP_hap1	chr12	58451000	58561000	12	58391529	58634980	110000	110000	1	111000	Archaic	0.91112	47	2	1	1	1	1	12.58451000.58561000	58569336	Altai Neanderthal	ambiguous	HL	chr12.58451248.58568114
O517_DA_C001KNP	O517_DA_C001KNP_hap2	chr12	58398000	58544000	12	58391529	58634980	146000	146000	1	147000	Archaic	0.98102	58	6	5	4	1	5	12.58398000.58544000	58569336	Altai Neanderthal	Neandertal	HL	chr12.58451248.58568114
O517_DA_C001KNT	O517_DA_C001KNT_hap1	chr12	58464000	58542000	12	58391529	58634980	78000	78000	1	79000	Archaic	0.95519	40	2	1	1	1	1	12.58464000.58542000	58569336	Altai Neanderthal	ambiguous	HL	chr12.58451248.58568114
O517_DA_C001PIU	O517_DA_C001PIU_hap1	chr12	58465000	58543000	12	58391529	58634980	78000	78000	1	79000	Archaic	0.95165	41	2	1	1	1	1	12.58465000.58543000	58569336	Altai Neanderthal	ambiguous	HL	chr12.58451248.58568114
O517_DA_C001PIV	O517_DA_C001PIV_hap2	chr12	58464000	58543000	12	58391529	58634980	79000	79000	1	80000	Archaic	0.95063	38	2	1	1	1	1	12.58464000.58543000	58569336	Altai Neanderthal	ambiguous	HL	chr12.58451248.58568114
O517_DA_C001PJ7	O517_DA_C001PJ7_hap2	chr12	58464000	58544000	12	58391529	58634980	80000	80000	1	81000	Archaic	0.94927	39	3	1	2	1	2	12.58464000.58544000	58569336	Altai Neanderthal	ambiguous	HL	chr12.58451248.58568114
O517_DA_C002DAV	O517_DA_C002DAV_hap1	chr12	58450000	58544000	12	58391529	58634980	94000	94000	1	95000	Archaic	0.97827	43	2	1	1	1	1	12.58450000.58544000	58569336	Altai Neanderthal	ambiguous	LL	chr12.58451248.58568114
O517_DA_C002DAV	O517_DA_C002DAV_hap2	chr12	58464000	58544000	12	58391529	58634980	80000	80000	1	81000	Archaic	0.94712	38	2	1	1	1	1	12.58464000.58544000	58569336	Altai Neanderthal	ambiguous	LL	chr12.58451248.58568114
O517_DA_C002DBK	O517_DA_C002DBK_hap2	chr12	58464000	58543000	12	58391529	58634980	79000	79000	1	80000	Archaic	0.94977	39	2	1	1	1	1	12.58464000.58543000	58569336	Altai Neanderthal	ambiguous	HL	chr12.58451248.58568114
O517_DA_C002DBL	O517_DA_C002DBL_hap1	chr12	58464000	58544000	12	58391529	58634980	80000	80000	1	81000	Archaic	0.94596	38	2	1	1	1	1	12.58464000.58544000	58569336	Altai Neanderthal	ambiguous	HL	chr12.58451248.58568114
O517_DA_C002DBM	O517_DA_C002DBM_hap2	chr12	58450000	58543000	12	58391529	58634980	93000	93000	1	94000	Archaic	0.95184	42	2	1	1	1	1	12.58450000.58543000	58569336	Altai Neanderthal	ambiguous	HL	chr12.58451248.58568114
O517_DA_C002DBN	O517_DA_C002DBN_hap1	chr12	58456000	58561000	12	58391529	58634980	105000	105000	1	106000	Archaic	0.91713	45	2	1	1	1	1	12.58456000.58561000	58569336	Altai Neanderthal	ambiguous	HL	chr12.58451248.58568114
O517_DA_C002DBN	O517_DA_C002DBN_hap2	chr12	58464000	58543000	12	58391529	58634980	79000	79000	1	80000	Archaic	0.95021	39	2	1	1	1	1	12.58464000.58543000	58569336	Altai Neanderthal	ambiguous	HL	chr12.58451248.58568114
O517_DA_C002DBP	O517_DA_C002DBP_hap2	chr12	58450000	58543000	12	58391529	58634980	93000	93000	1	94000	Archaic	0.95086	41	2	1	1	1	1	12.58450000.58543000	58569336	Altai Neanderthal	ambiguous	HL	chr12.58451248.58568114
O517_DA_C002DBQ	O517_DA_C002DBQ_hap1	chr12	58465000	58548000	12	58391529	58634980	83000	83000	1	84000	Archaic	0.93466	38	2	1	1	1	1	12.58465000.58548000	58569336	Altai Neanderthal	ambiguous	HL	chr12.58451248.58568114
O517_DA_C002DBQ	O517_DA_C002DBQ_hap2	chr12	58453000	58543000	12	58391529	58634980	90000	90000	1	91000	Archaic	0.91176	38	2	1	1	1	1	12.58453000.58543000	58569336	Altai Neanderthal	ambiguous	HL	chr12.58451248.58568114
O517_DA_C002DBS	O517_DA_C002DBS_hap1	chr12	58453000	58543000	12	58391529	58634980	90000	90000	1	91000	Archaic	0.9117	39	2	1	1	1	1	12.58453000.58543000	58569336	Altai Neanderthal	ambiguous	HL	chr12.58451248.58568114
O517_DA_C002DBS	O517_DA_C002DBS_hap2	chr12	58463000	58542000	12	58391529	58634980	79000	79000	1	80000	Archaic	0.9621	41	2	1	1	1	1	12.58463000.58542000	58569336	Altai Neanderthal	ambiguous	HL	chr12.58451248.58568114
O517_DA_C002DBW	O517_DA_C002DBW_hap1	chr12	58451000	58543000	12	58391529	58634980	92000	92000	1	93000	Archaic	0.90435	39	2	1	1	1	1	12.58451000.58543000	58569336	Altai Neanderthal	ambiguous	HL	chr12.58451248.58568114
O517_DA_C002DBX	O517_DA_C002DBX_hap1	chr12	58464000	58543000	12	58391529	58634980	79000	79000	1	80000	Archaic	0.95024	39	2	1	1	1	1	12.58464000.58543000	58569336	Altai Neanderthal	ambiguous	HL	chr12.58451248.58568114
O517_DA_C002DBX	O517_DA_C002DBX_hap2	chr12	58464000	58544000	12	58391529	58634980	80000	80000	1	81000	Archaic	0.94624	38	2	1	1	1	1	12.58464000.58544000	58569336	Altai Neanderthal	ambiguous	HL	chr12.58451248.58568114
O517_DA_C002DCC	O517_DA_C002DCC_hap1	chr12	58464000	58543000	12	58391529	58634980	79000	79000	1	80000	Archaic	0.95184	38	2	1	1	1	1	12.58464000.58543000	58569336	Altai Neanderthal	ambiguous	HL	chr12.58451248.58568114
O517_DA_C002DCZ	O517_DA_C002DCZ_hap2	chr12	58413000	58544000	12	58391529	58634980	131000	131000	1	132000	Archaic	0.97507	53	5	4	3	1	4	12.58413000.58544000	58569336	Altai Neanderthal	Neandertal	HL	chr12.58451248.58568114
O517_DA_C002DD4	O517_DA_C002DD4_hap1	chr12	58464000	58543000	12	58391529	58634980	79000	79000	1	80000	Archaic	0.9504	38	2	1	1	1	1	12.58464000.58543000	58569336	Altai Neanderthal	ambiguous	HL	chr12.58451248.58568114
O517_DA_C002DD4	O517_DA_C002DD4_hap2	chr12	58451000	58544000	12	58391529	58634980	93000	93000	1	94000	Archaic	0.9328	41	2	1	1	1	1	12.58451000.58544000	58569336	Altai Neanderthal	ambiguous	HL	chr12.58451248.58568114
